title,category,rating,price_gbp,price_incl_tax,stock_quantity,in_stock,upc
A Light in the Attic,Poetry,3,51.77,51.77,22,Yes,a897fe39b1053632
Tipping the Velvet,Historical Fiction,1,53.74,53.74,20,Yes,90fa61229261140a
Soumission,Fiction,1,50.1,50.1,20,Yes,6957f44c3847a760
Sharp Objects,Mystery,4,47.82,47.82,20,Yes,e00eb4fd7b871a48
Sapiens: A Brief History of Humankind,History,5,54.23,54.23,20,Yes,4165285e1663650f
The Requiem Red,Young Adult,1,22.65,22.65,19,Yes,f77dbf2323deb740
The Dirty Little Secrets of Getting Your Dream Job,Business,4,33.34,33.34,19,Yes,2597b5a345f45e1b
"The Coming Woman: A Novel Based on the Life of the Infamous Feminist, Victoria Woodhull",Default,3,17.93,17.93,19,Yes,e72a5dfc7e9267b2
The Boys in the Boat: Nine Americans and Their Epic Quest for Gold at the 1936 Berlin Olympics,Default,4,22.6,22.6,19,Yes,e10e1e165dc8be4a
The Black Maria,Poetry,1,52.15,52.15,19,Yes,1dfe412b8ac00530
"Starving Hearts (Triangular Trade Trilogy, #1)",Default,2,13.99,13.99,19,Yes,0312262ecafa5a40
Shakespeare's Sonnets,Poetry,4,20.66,20.66,19,Yes,30a7f60cd76ca58c
Set Me Free,Young Adult,5,17.46,17.46,19,Yes,ce6396b0f23f6ecc
Scott Pilgrim's Precious Little Life (Scott Pilgrim #1),Sequential Art,5,52.29,52.29,19,Yes,3b1c02bac2a429e6
Rip it Up and Start Again,Music,5,35.02,35.02,19,Yes,a34ba96d4081e6a4
"Our Band Could Be Your Life: Scenes from the American Indie Underground, 1981-1991",Music,3,57.25,57.25,19,Yes,deda3e61b9514b83
Olio,Poetry,1,23.88,23.88,19,Yes,feb7cc7701ecf901
Mesaerion: The Best Science Fiction Stories 1800-1849,Science Fiction,1,37.59,37.59,19,Yes,e30f54cea9b38190
Libertarianism for Beginners,Politics,2,51.33,51.33,19,Yes,a18a4f574854aced
It's Only the Himalayas,Travel,2,45.17,45.17,19,Yes,a22124811bfa8350
In Her Wake,Thriller,1,12.84,12.84,19,Yes,23356462d1320d61
How Music Works,Music,2,37.32,37.32,19,Yes,327f68a59745c102
"Foolproof Preserving: A Guide to Small Batch Jams, Jellies, Pickles, Condiments, and More: A Foolproof Guide to Making Small Batch Jams, Jellies, Pickles, Condiments, and More",Food and Drink,3,30.52,30.52,19,Yes,5674a18a29a43ced
Chase Me (Paris Nights #2),Romance,5,25.27,25.27,19,Yes,c2e46a2ee3b4a322
Black Dust,Romance,5,34.53,34.53,19,Yes,00bfed9e18bb36f3
Birdsong: A Story in Pictures,Childrens,3,54.64,54.64,19,Yes,9528d0948525bf5f
America's Cradle of Quarterbacks: Western Pennsylvania's Football Factory from Johnny Unitas to Joe Montana,Default,3,22.5,22.5,19,Yes,c7d160c2c0de586f
Aladdin and His Wonderful Lamp,Default,3,53.13,53.13,19,Yes,904208d6aa64b655
Worlds Elsewhere: Journeys Around Shakespeareâs Globe,Nonfiction,5,40.3,40.3,18,Yes,4c28def39d850cdf
Wall and Piece,Art,4,44.18,44.18,18,Yes,ccd9ffa25efabdea
The Four Agreements: A Practical Guide to Personal Freedom,Spirituality,5,17.66,17.66,18,Yes,6258a1f6a6dcfe50
The Five Love Languages: How to Express Heartfelt Commitment to Your Mate,Nonfiction,3,31.05,31.05,18,Yes,3c039985229453bf
The Elephant Tree,Thriller,5,23.82,23.82,18,Yes,5dada2b7be26bd03
The Bear and the Piano,Childrens,1,36.89,36.89,18,Yes,9f6568e9c95f60b0
Sophie's World,Philosophy,5,15.94,15.94,18,Yes,6be3beb0793a53e7
Penny Maybe,Default,3,33.29,33.29,18,Yes,668fe56b17cfcd4f
Maude (1883-1993):She Grew Up with the country,Default,2,18.02,18.02,18,Yes,094b269567e1c300
"In a Dark, Dark Wood",Mystery,1,19.63,19.63,18,Yes,19ed25f4641d5efd
Behind Closed Doors,Thriller,4,52.22,52.22,18,Yes,be5cc846f45496fb
You can't bury them all: Poems,Poetry,2,33.63,33.63,17,Yes,55f9da0c5eea2e10
Slow States of Collapse: Poems,Poetry,3,57.31,57.31,17,Yes,b4fd5943413e089a
Reasons to Stay Alive,Nonfiction,2,26.41,26.41,17,Yes,c8f7f0cb1abb9cac
Private Paris (Private #10),Fiction,5,47.61,47.61,17,Yes,b12b89017878a60d
#HigherSelfie: Wake Up Your Life. Free Your Soul. Find Your Tribe.,Nonfiction,5,23.11,23.11,17,Yes,c27f6e1f185b0383
Without Borders (Wanderlove #1),New Adult,2,45.07,45.07,16,Yes,acddfeab2a407640
When We Collided,Contemporary,1,31.77,31.77,16,Yes,3ecb690d1542c568
"We Love You, Charlie Freeman",Fiction,5,50.27,50.27,16,Yes,8d455c7539795d2a
Untitled Collection: Sabbath Poems 2014,Poetry,4,14.27,14.27,16,Yes,657fe5ead67a7767
"Unseen City: The Majesty of Pigeons, the Discreet Charm of Snails & Other Wonders of the Urban Wilderness",Nonfiction,4,44.18,44.18,16,Yes,d170b5a0da46380e
Unicorn Tracks,Fantasy,3,18.78,18.78,16,Yes,7ae099f3898e0209
"Unbound: How Eight Technologies Made Us Human, Transformed Society, and Brought Our World to the Brink",History,1,25.52,25.52,16,Yes,9a9d6e9bc555731e
Tsubasa: WoRLD CHRoNiCLE 2 (Tsubasa WoRLD CHRoNiCLE #2),Sequential Art,1,16.28,16.28,16,Yes,09555be379ad9253
Throwing Rocks at the Google Bus: How Growth Became the Enemy of Prosperity,Nonfiction,3,31.12,31.12,16,Yes,7858914fad68493c
This One Summer,Sequential Art,4,19.49,19.49,16,Yes,51653ef291ab7ddc
Thirst,Fiction,5,17.27,17.27,16,Yes,709822d0b5bcb7f4
The Torch Is Passed: A Harding Family Story,Add a comment,1,19.09,19.09,16,Yes,4eed62cf5f8d8edf
The Secret of Dreadwillow Carse,Childrens,1,56.13,56.13,16,Yes,b5ea0b5dabed25a8
"The Pioneer Woman Cooks: Dinnertime: Comfort Classics, Freezer Food, 16-Minute Meals, and Other Delicious Ways to Solve Supper!",Food and Drink,1,56.41,56.41,16,Yes,142d767a56a9254d
The Past Never Ends,Mystery,4,56.5,56.5,16,Yes,5ee94540d0749ea0
The Natural History of Us (The Fine Art of Pretending #2),Young Adult,3,45.22,45.22,16,Yes,cedf82b5086e4691
The Nameless City (The Nameless City #1),Sequential Art,4,38.16,38.16,16,Yes,7d385d34d12e60ff
The Murder That Never Was (Forensic Instincts #5),Fiction,3,54.11,54.11,16,Yes,d01ac97e2b8947c2
The Most Perfect Thing: Inside (and Outside) a Bird's Egg,Science,4,42.96,42.96,16,Yes,aadee1c326d286e3
"The Mindfulness and Acceptance Workbook for Anxiety: A Guide to Breaking Free from Anxiety, Phobias, and Worry Using Acceptance and Commitment Therapy",Add a comment,4,23.89,23.89,16,Yes,31075275518532d7
The Life-Changing Magic of Tidying Up: The Japanese Art of Decluttering and Organizing,Nonfiction,3,16.77,16.77,16,Yes,0da9aa9d24677fc0
"The Inefficiency Assassin: Time Management Tactics for Working Smarter, Not Longer",Default,5,20.59,20.59,16,Yes,8c9e6bf2467d740d
The Gutsy Girl: Escapades for Your Life of Epic Adventure,Nonfiction,1,37.13,37.13,16,Yes,acd86a5426e21ca0
The Electric Pencil: Drawings from Inside State Hospital No. 3,Nonfiction,1,56.06,56.06,16,Yes,a30b270e25489e5c
The Death of Humanity: and the Case for Life,Philosophy,4,58.11,58.11,16,Yes,bd261725b99f5983
"The Bulletproof Diet: Lose up to a Pound a Day, Reclaim Energy and Focus, Upgrade Your Life",Health,3,49.05,49.05,16,Yes,43c6a960757cf559
The Art Forger,Add a comment,3,40.76,40.76,16,Yes,80cfab6bcff3a244
The Age of Genius: The Seventeenth Century and the Birth of the Modern Mind,History,1,19.73,19.73,16,Yes,a3d2a4250807f1e9
The Activist's Tao Te Ching: Ancient Advice for a Modern Revolution,Spirituality,5,32.24,32.24,16,Yes,7d6d2a6c0276f81b
Spark Joy: An Illustrated Master Class on the Art of Organizing and Tidying Up,Nonfiction,4,41.83,41.83,16,Yes,87b0615b6e1f4d7b
Soul Reader,Default,2,39.58,39.58,16,Yes,e6af5bf1163c1151
Security,Horror,2,39.25,39.25,16,Yes,6f78a0d744c35456
"Saga, Volume 6 (Saga (Collected Editions) #6)",Fantasy,3,25.02,25.02,16,Yes,c849f0b2f5d6a742
"Saga, Volume 5 (Saga (Collected Editions) #5)",Sequential Art,2,51.04,51.04,16,Yes,53a3d11bb568cc8b
Reskilling America: Learning to Labor in the Twenty-First Century,Nonfiction,2,19.83,19.83,16,Yes,d7310206583a54b6
"Rat Queens, Vol. 3: Demons (Rat Queens (Collected Editions) #11-15)",Sequential Art,3,50.4,50.4,16,Yes,c82a3e358c773c73
"Princess Jellyfish 2-in-1 Omnibus, Vol. 01 (Princess Jellyfish 2-in-1 Omnibus #1)",Sequential Art,5,13.61,13.61,16,Yes,0fa6dceead7ce47a
Princess Between Worlds (Wide-Awake Princess #5),Fantasy,5,13.34,13.34,16,Yes,0e691eda369f4e09
"Pop Gun War, Volume 1: Gift",Sequential Art,1,18.97,18.97,16,Yes,e80f8e518b300dfe
"Political Suicide: Missteps, Peccadilloes, Bad Calls, Backroom Hijinx, Sordid Pasts, Rotten Breaks, and Just Plain Dumb Mistakes in the Annals of American Politics",History,2,36.28,36.28,16,Yes,7392c0032f92d816
Patience,Sequential Art,3,10.16,10.16,16,Yes,9429b4d59c537af5
"Outcast, Vol. 1: A Darkness Surrounds Him (Outcast #1)",Sequential Art,4,15.44,15.44,16,Yes,889139b8e9c4cb36
orange: The Complete Collection 1 (orange: The Complete Collection #1),Sequential Art,1,48.41,48.41,16,Yes,11809b1d323b3057
Online Marketing for Busy Authors: A Step-By-Step Guide,Self Help,1,46.35,46.35,16,Yes,9ffa38d3b832433a
On a Midnight Clear,Add a comment,3,14.07,14.07,16,Yes,b757c0c361e689ce
Obsidian (Lux #1),Young Adult,2,14.86,14.86,16,Yes,3c346ab1e76ae1f6
My Paris Kitchen: Recipes and Stories,Food and Drink,2,33.37,33.37,16,Yes,784bc2279baa878d
Masks and Shadows,Fantasy,2,56.4,56.4,16,Yes,fa9610a50a1bf149
"Mama Tried: Traditional Italian Cooking for the Screwed, Crude, Vegan, and Tattooed",Food and Drink,4,14.02,14.02,16,Yes,72f9d5be3472d34e
"Lumberjanes, Vol. 2: Friendship to the Max (Lumberjanes #5-8)",Sequential Art,2,46.91,46.91,16,Yes,460089f796fb3f82
"Lumberjanes, Vol. 1: Beware the Kitten Holy (Lumberjanes #1-4)",Sequential Art,3,45.61,45.61,16,Yes,b6ee99bcf06fc91f
Lumberjanes Vol. 3: A Terrible Plan (Lumberjanes #9-12),Sequential Art,2,19.92,19.92,16,Yes,57e5a4d515c8ce44
"Layered: Baking, Building, and Styling Spectacular Cakes",Food and Drink,1,40.11,40.11,16,Yes,7b75cc7f223791f4
Judo: Seven Steps to Black Belt (an Introductory Guide for Beginners),Add a comment,2,53.9,53.9,16,Yes,228f74b74f3a08ae
Join,Science Fiction,5,35.67,35.67,16,Yes,18ad3ed896c7ce05
In the Country We Love: My Family Divided,Nonfiction,4,22.0,22.0,16,Yes,b136b1b180ca753a
Immunity: How Elie Metchnikoff Changed the Course of Modern Medicine,Science,5,57.36,57.36,16,Yes,e4f74c16de34d440
"I Hate Fairyland, Vol. 1: Madly Ever After (I Hate Fairyland (Compilations) #1-5)",Sequential Art,2,29.17,29.17,16,Yes,8d4eefad7a2b3915
I am a Hero Omnibus Volume 1,Sequential Art,3,54.63,54.63,16,Yes,1c89ae5bb804e4de
How to Be Miserable: 40 Strategies You Already Use,Self Help,1,46.03,46.03,16,Yes,a6f99b9e687f9d46
Her Backup Boyfriend (The Sorensen Family #1),Romance,1,33.97,33.97,16,Yes,2a97cffe61c3c4c7
"Giant Days, Vol. 2 (Giant Days #5-8)",Sequential Art,2,22.11,22.11,16,Yes,f2df3bb043a8abb0
Forever and Forever: The Courtship of Henry Longfellow and Fanny Appleton,Historical Fiction,3,29.69,29.69,16,Yes,9beb96a2300109d7
First and First (Five Boroughs #3),Romance,4,15.97,15.97,16,Yes,9e28048cea8d41f7
Fifty Shades Darker (Fifty Shades #2),Romance,1,21.96,21.96,16,Yes,7add3f8e49ec0826
Everydata: The Misinformation Hidden in the Little Data You Consume Every Day,Nonfiction,2,54.35,54.35,16,Yes,311c0dd0e354a33e
"Don't Be a Jerk: And Other Practical Advice from Dogen, Japan's Greatest Zen Master",Religion,2,37.97,37.97,16,Yes,fce19f9b4a943f22
Danganronpa Volume 1,Sequential Art,4,51.99,51.99,16,Yes,09b6cc87e62c2c58
Crown of Midnight (Throne of Glass #2),Fantasy,3,43.29,43.29,16,Yes,7267864328ae8b9d
"Codename Baboushka, Volume 1: The Conclave of Death",Sequential Art,4,36.72,36.72,16,Yes,8754c83ab2a7ae71
Camp Midnight,Sequential Art,4,17.08,17.08,16,Yes,7b599c8bfcdd8d30
Call the Nurse: True Stories of a Country Nurse on a Scottish Isle,Nonfiction,5,29.14,29.14,16,Yes,bee3672891cca906
Burning,Young Adult,3,28.81,28.81,16,Yes,5ceb951f629700a2
Bossypants,Default,2,49.46,49.46,16,Yes,74baabfc8fd84b38
"Bitch Planet, Vol. 1: Extraordinary Machine (Bitch Planet (Collected Editions))",Sequential Art,2,37.92,37.92,16,Yes,bdf415fd484ea8a7
"Avatar: The Last Airbender: Smoke and Shadow, Part 3 (Smoke and Shadow #3)",Fantasy,2,28.09,28.09,16,Yes,6d5300b2d8f37e07
Algorithms to Live By: The Computer Science of Human Decisions,Nonfiction,1,30.81,30.81,16,Yes,38d45839cb1c83c1
A World of Flavor: Your Gluten Free Passport,Default,1,42.95,42.95,16,Yes,70ed59f194b3c556
"A Piece of Sky, a Grain of Rice: A Memoir in Four Meditations",Default,5,56.76,56.76,16,Yes,8a380641491d43ed
A Murder in Time,Mystery,1,16.64,16.64,16,Yes,f733e8c19d40ec2e
A Flight of Arrows (The Pathfinders #2),Historical Fiction,5,55.53,55.53,16,Yes,3a6fb983e2554023
A Fierce and Subtle Poison,Young Adult,4,28.13,28.13,16,Yes,842790dfaa937484
A Court of Thorns and Roses (A Court of Thorns and Roses #1),Fantasy,1,52.37,52.37,16,Yes,01d2001ac1e6f8a3
(Un)Qualified: How God Uses Broken People to Do Big Things,Christian,5,54.0,54.0,16,Yes,e4ac92d89b946781
You Are What You Love: The Spiritual Power of Habit,Religion,4,21.87,21.87,15,Yes,796c87ddbbaaf8c5
"William Shakespeare's Star Wars: Verily, A New Hope (William Shakespeare's Star Wars #4)",Science Fiction,4,43.3,43.3,15,Yes,9270575728a13a61
Tuesday Nights in 1980,Fiction,2,21.04,21.04,15,Yes,b8736690cf263a3c
Tracing Numbers on a Train,Default,3,41.6,41.6,15,Yes,d7d6d50c1e3d0b81
Throne of Glass (Throne of Glass #1),Fantasy,3,35.07,35.07,15,Yes,590a9cccf7db9f7d
Thomas Jefferson and the Tripoli Pirates: The Forgotten War That Changed American History,History,1,59.64,59.64,15,Yes,de3f25248ba0789f
Thirteen Reasons Why,Default,1,52.72,52.72,15,Yes,bc2a85fd35fdc7bd
The White Cat and the Monk: A Retelling of the Poem âPangur BÃ¡nâ,Childrens,4,58.08,58.08,15,Yes,37c0cb19713d8dda
The Wedding Dress,Romance,1,24.12,24.12,15,Yes,623e1a180426039b
The Vacationers,Fiction,4,42.15,42.15,15,Yes,fd3a622648667296
The Third Wave: An Entrepreneurâs Vision of the Future,Business,5,12.61,12.61,15,Yes,3bebf34ee9330cbd
The Stranger,Philosophy,4,17.44,17.44,15,Yes,f5a92cff83897d48
The Shadow Hero (The Shadow Hero),Sequential Art,1,33.14,33.14,15,Yes,d6361d16212664ed
The Secret (The Secret #1),Default,4,27.37,27.37,15,Yes,961f18db4f138211
The Regional Office Is Under Attack!,Fiction,5,51.36,51.36,15,Yes,0651062381f0636a
The Psychopath Test: A Journey Through the Madness Industry,Default,2,36.0,36.0,15,Yes,e98a4efa85070c2f
The Project,Science Fiction,1,10.65,10.65,15,Yes,790ef197c8f236f5
The Power of Now: A Guide to Spiritual Enlightenment,Nonfiction,2,43.54,43.54,15,Yes,8ec14b1576cb7cb5
The Omnivore's Dilemma: A Natural History of Four Meals,Nonfiction,2,38.21,38.21,15,Yes,209adad1015af86f
The Nerdy Nummies Cookbook: Sweet Treats for the Geek in All of Us,Food and Drink,5,37.34,37.34,15,Yes,e4c7f3487d17fd42
The Murder of Roger Ackroyd (Hercule Poirot #4),Mystery,4,44.1,44.1,15,Yes,c7b5183f4d1d4efe
The Mistake (Off-Campus #2),New Adult,3,43.29,43.29,15,Yes,99ff4cc6491e8f5c
The Matchmaker's Playbook (Wingmen Inc. #1),New Adult,1,55.85,55.85,15,Yes,08db62f24627e71f
The Love and Lemons Cookbook: An Apple-to-Zucchini Celebration of Impromptu Cooking,Food and Drink,2,37.6,37.6,15,Yes,e28e330cbdf01126
The Long Shadow of Small Ghosts: Murder and Memory in an American City,Crime,1,10.97,10.97,15,Yes,abeafe151a587d3b
The Kite Runner,Default,4,41.82,41.82,15,Yes,eac1a180047ad54e
The House by the Lake,Historical Fiction,1,36.95,36.95,15,Yes,9287e238d7c3b06e
The Glittering Court (The Glittering Court #1),Fantasy,1,44.28,44.28,15,Yes,2dbb7ec08cdd7f3c
The Girl on the Train,Default,2,55.02,55.02,15,Yes,e956d67c9bcc5809
The Genius of Birds,Nonfiction,1,17.24,17.24,15,Yes,42d0d7c92b75fc1c
The Emerald Mystery,Default,2,23.15,23.15,15,Yes,d6670dfe3e7b42bd
The Cookies & Cups Cookbook: 125+ sweet & savory recipes reminding you to Always Eat Dessert First,Food and Drink,1,41.25,41.25,15,Yes,96a38e7c813d8f1d
The Bridge to Consciousness: I'm Writing the Bridge Between Science and Our Old and New Beliefs.,Default,3,32.0,32.0,15,Yes,efc3768127714ec3
The Artist's Way: A Spiritual Path to Higher Creativity,Nonfiction,5,38.49,38.49,15,Yes,dd047728de72ad62
The Art of War,Default,5,33.34,33.34,15,Yes,e7469e22b5bfb3e7
The Argonauts,Autobiography,2,10.93,10.93,15,Yes,c99761a700ade23f
The 10% Entrepreneur: Live Your Startup Dream Without Quitting Your Day Job,Business,3,27.55,27.55,15,Yes,56e4f9eab2e8e674
Suddenly in Love (Lake Haven #1),Romance,2,55.99,55.99,15,Yes,203b7f94b7d6115f
Something More Than This,Romance,4,16.24,16.24,15,Yes,ca71e72655bece85
Soft Apocalypse,Science Fiction,2,26.12,26.12,15,Yes,2a70769cdc6eb8b8
So You've Been Publicly Shamed,Nonfiction,2,12.23,12.23,15,Yes,1b33663ad7b95fd8
Shoe Dog: A Memoir by the Creator of NIKE,Business,2,23.99,23.99,15,Yes,0e0dcc3339602b28
"Shobu Samurai, Project Aryoku (#3)",Add a comment,3,29.06,29.06,15,Yes,0c27e6c3744fc14b
Secrets and Lace (Fatal Hearts #1),Default,1,20.27,20.27,15,Yes,ad04ad9fc179fc5d
Scarlett Epstein Hates It Here,Young Adult,5,43.55,43.55,15,Yes,1c929cfd16b71907
Romero and Juliet: A Tragic Tale of Love and Zombies,Default,1,36.94,36.94,15,Yes,e656e280bc8edd56
Redeeming Love,Christian Fiction,5,20.47,20.47,15,Yes,b53db2271c9624f7
Poses for Artists Volume 1 - Dynamic and Sitting Poses: An Essential Reference for Figure Drawing and the Human Form,Default,1,41.06,41.06,15,Yes,d9c643fa1fc57bdb
Poems That Make Grown Women Cry,Poetry,4,14.19,14.19,15,Yes,31001a1210623bd4
"Nightingale, Sing",Young Adult,1,38.28,38.28,15,Yes,50b8f80311b31ede
Night Sky with Exit Wounds,Poetry,1,41.05,41.05,15,Yes,cfeb1e1e0e695b58
Mrs. Houdini,Historical Fiction,5,30.25,30.25,15,Yes,a40723994f715420
Modern Romance,Add a comment,5,28.26,28.26,15,Yes,caf4fe9311f1dc59
Miss Peregrineâs Home for Peculiar Children (Miss Peregrineâs Peculiar Children #1),Default,1,10.76,10.76,15,Yes,af96613fdd793a3c
Louisa: The Extraordinary Life of Mrs. Adams,Biography,2,16.85,16.85,15,Yes,d69dd8dac66f9f84
Little Red,Childrens,3,13.47,13.47,15,Yes,4aa03792b50f0b22
Library of Souls (Miss Peregrineâs Peculiar Children #3),Young Adult,5,48.56,48.56,15,Yes,ba54932df84e8cea
Large Print Heart of the Pride,Default,2,19.15,19.15,15,Yes,c1afd71fc86bf682
I Had a Nice Time And Other Lies...: How to find love & sh*t like that,Womens Fiction,4,57.36,57.36,15,Yes,fd8585283fc7d2d7
Hollow City (Miss Peregrineâs Peculiar Children #2),Fantasy,1,42.98,42.98,15,Yes,4ce91d31c1e57c33
Grumbles,Default,2,22.16,22.16,15,Yes,d163dd6c352fbcd2
Full Moon over Noahâs Ark: An Odyssey to Mount Ararat and Beyond,Travel,4,49.43,49.43,15,Yes,ce60436f52c5ee68
Frostbite (Vampire Academy #2),Young Adult,5,29.99,29.99,15,Yes,116a2fdc9a45bab0
Follow You Home,Horror,1,21.36,21.36,15,Yes,8585760646e3aa2a
First Steps for New Christians (Print Edition),Default,1,29.0,29.0,15,Yes,2f88b08bf0a0e367
Finders Keepers (Bill Hodges Trilogy #2),Fiction,5,53.53,53.53,15,Yes,edb3097e71330040
"Fables, Vol. 1: Legends in Exile (Fables #1)",Sequential Art,4,41.62,41.62,15,Yes,65d034adf80834b7
Eureka Trivia 6.0,Default,4,54.59,54.59,15,Yes,29c0025455f8c585
Drive: The Surprising Truth About What Motivates Us,Default,4,34.95,34.95,15,Yes,6ffb36aaeff1c81e
Done Rubbed Out (Reightman & Bailey #1),Default,5,37.72,37.72,15,Yes,f6d967cdadc6fbd9
Doing It Over (Most Likely To #1),Romance,3,35.61,35.61,15,Yes,3a11bb962ff45b78
"Deliciously Ella Every Day: Quick and Easy Recipes for Gluten-Free Snacks, Packed Lunches, and Simple Meals",Food and Drink,3,42.16,42.16,15,Yes,46c1530d7546ea6d
Dark Notes,Erotica,5,19.19,19.19,15,Yes,88c21fcd38e2486e
"Daring Greatly: How the Courage to Be Vulnerable Transforms the Way We Live, Love, Parent, and Lead",Nonfiction,3,19.43,19.43,15,Yes,3b9a3b4624b7fd6d
Close to You,Christian Fiction,4,49.46,49.46,15,Yes,a57b1dcbd6849222
Chasing Heaven: What Dying Taught Me About Living,Spirituality,2,37.8,37.8,15,Yes,513271dadc1322ae
Big Magic: Creative Living Beyond Fear,Nonfiction,3,30.8,30.8,15,Yes,1f329c2e7d7de8bd
Becoming Wise: An Inquiry into the Mystery and Art of Living,Nonfiction,2,27.43,27.43,15,Yes,919e7cb2269a25d2
Beauty Restored (Riley Family Legacy Novellas #3),Default,2,11.11,11.11,15,Yes,3f69e667a67e54d9
Batman: The Long Halloween (Batman),Sequential Art,2,36.5,36.5,15,Yes,7edc0527cf782e19
Batman: The Dark Knight Returns (Batman),Sequential Art,5,15.38,15.38,15,Yes,47271d8e08b5d31c
Ayumi's Violin,Default,2,15.48,15.48,15,Yes,05f7c6d9a4e582d3
Anonymous,Default,4,46.82,46.82,15,Yes,d24b829be2ca81c4
Amy Meets the Saints and Sages,Default,3,18.46,18.46,15,Yes,7ebfa6c1bee69e1e
Amid the Chaos,Cultural,1,36.58,36.58,15,Yes,bb8245f52c7cce8f
Amatus,Default,5,50.54,50.54,15,Yes,ffd54178acc9a6a5
Agnostic: A Spirited Manifesto,Nonfiction,5,12.51,12.51,15,Yes,d195e7f4ed697350
Zealot: The Life and Times of Jesus of Nazareth,History,3,24.7,24.7,14,Yes,dd5bfa6cc2c0ecc3
You (You #1),Thriller,5,43.61,43.61,14,Yes,024387ca4cafd5cc
"Wonder Woman: Earth One, Volume One (Wonder Woman: Earth One #1)",Sequential Art,4,37.34,37.34,14,Yes,047097293bb4d1c0
Wild Swans,Young Adult,2,14.36,14.36,14,Yes,3fb15ace50d6142b
Why the Right Went Wrong: Conservatism--From Goldwater to the Tea Party and Beyond,Politics,4,52.65,52.65,14,Yes,2b5054a4192e9b06
Whole Lotta Creativity Going On: 60 Fun and Unusual Exercises to Awaken and Strengthen Your Creativity,Nonfiction,4,38.2,38.2,14,Yes,44a10f1ac8ce822e
What's It Like in Space?: Stories from Astronauts Who've Been There,Nonfiction,2,19.6,19.6,14,Yes,6fd646a334e6e133
"We Are Robin, Vol. 1: The Vigilante Business (We Are Robin #1)",Sequential Art,1,53.9,53.9,14,Yes,92275cedf6d8ee15
Walt Disney's Alice in Wonderland,Childrens,5,12.96,12.96,14,Yes,6a31307a81e8f3a8
V for Vendetta (V for Vendetta Complete),Default,4,37.1,37.1,14,Yes,4a1debca3135ff37
Until Friday Night (The Field Party #1),Young Adult,2,46.31,46.31,14,Yes,aba2db9afb1469c7
"Unbroken: A World War II Story of Survival, Resilience, and Redemption",Default,2,45.95,45.95,14,Yes,76c84daa539426e2
Twenty Yawns,Childrens,2,22.08,22.08,14,Yes,1d6443ffba9dfd80
Through the Woods,Sequential Art,2,25.38,25.38,14,Yes,6e44bcbeac7f4360
This Is Where It Ends,Young Adult,2,27.12,27.12,14,Yes,f0f38174a7e689a3
The Year of Magical Thinking,Nonfiction,2,43.04,43.04,14,Yes,34c0d7c4ee5650af
The Wright Brothers,Default,4,56.8,56.8,14,Yes,08b2f71d93836313
The White Queen (The Cousins' War #1),Add a comment,5,25.91,25.91,14,Yes,6875c5657661b2fb
The Wedding Pact (The O'Malleys #2),Romance,3,32.61,32.61,14,Yes,c5cb9f885d8b3621
The Time Keeper,Fiction,5,27.88,27.88,14,Yes,e9906e2f0d189745
The Testament of Mary,Fiction,4,52.67,52.67,14,Yes,081305e6df719dff
The Star-Touched Queen,Fantasy,5,46.02,46.02,14,Yes,1528279aec1f3dce
The Songs of the Gods,Default,5,44.48,44.48,14,Yes,00c4543ec6bd25b4
The Song of Achilles,Add a comment,5,37.4,37.4,14,Yes,e88fb1c9397cfb27
The Rosie Project (Don Tillman #1),Default,1,54.04,54.04,14,Yes,012094e90a4b908d
The Power of Habit: Why We Do What We Do in Life and Business,Default,3,16.88,16.88,14,Yes,6bdd909329435e80
The Marriage of Opposites,Historical Fiction,4,28.08,28.08,14,Yes,52cf2a5933ec5d8f
The Lucifer Effect: Understanding How Good People Turn Evil,Psychology,1,10.4,10.4,14,Yes,4e812d32d64e2431
The Long Haul (Diary of a Wimpy Kid #9),Humor,1,44.07,44.07,14,Yes,f21effc079a2b38a
The Loney,Horror,1,23.4,23.4,14,Yes,2d88a31f325dfd3b
The Literature Book (Big Ideas Simply Explained),Nonfiction,3,17.43,17.43,14,Yes,4881cc53f6c8892f
The Last Mile (Amos Decker #2),Mystery,2,54.21,54.21,14,Yes,3bc89353f7e3a3cc
The Immortal Life of Henrietta Lacks,Add a comment,2,40.67,40.67,14,Yes,f72f61ad6a5f12ed
The Hidden Oracle (The Trials of Apollo #1),Fantasy,2,52.26,52.26,14,Yes,992974ba6a0536ea
The Help Yourself Cookbook for Kids: 60 Easy Plant-Based Recipes Kids Can Make to Stay Healthy and Save the Earth,Food and Drink,3,28.77,28.77,14,Yes,ddc8340dabc8641b
The Guilty (Will Robie #4),Thriller,2,13.82,13.82,14,Yes,847935fc68707426
The First Hostage (J.B. Collins #2),Fiction,3,25.85,25.85,14,Yes,a86972014275e072
The Dovekeepers,Add a comment,1,48.78,48.78,14,Yes,3d76bc83c6b644c9
The Darkest Lie,Young Adult,5,35.35,35.35,14,Yes,6edacfd1f8ebb9eb
The Bane Chronicles (The Bane Chronicles #1-11),Fantasy,4,44.73,44.73,14,Yes,dc6f688b82e42a5b
The Bad-Ass Librarians of Timbuktu: And Their Race to Save the Worldâs Most Precious Manuscripts,Nonfiction,1,15.77,15.77,14,Yes,923831a05c9f91f7
The 14th Colony (Cotton Malone #11),Thriller,1,39.24,39.24,14,Yes,1b8187fa4bf6ab05
That Darkness (Gardiner and Renner #1),Mystery,1,13.92,13.92,14,Yes,0c7b9cf2b7662b65
Tastes Like Fear (DI Marnie Rome #3),Mystery,1,10.69,10.69,14,Yes,2d1e337aaf341858
Take Me with You,Fiction,3,45.21,45.21,14,Yes,2c04320e110a14a3
Swell: A Year of Waves,Nonfiction,1,45.58,45.58,14,Yes,4c8b7540409da4ac
Superman Vol. 1: Before Truth (Superman by Gene Luen Yang #1),Sequential Art,5,11.89,11.89,14,Yes,ac8e3949d284e9a9
Still Life with Bread Crumbs,Fiction,3,26.41,26.41,14,Yes,fe44cc816576c652
Steve Jobs,Default,5,39.5,39.5,14,Yes,95019eac1c0a052f
Sorting the Beef from the Bull: The Science of Food Fraud Forensics,Science,4,44.74,44.74,14,Yes,3edcccc4f341fb1a
Someone Like You (The Harrisons #2),Contemporary,5,52.79,52.79,14,Yes,a278db6b2b09cf9f
"So Cute It Hurts!!, Vol. 6 (So Cute It Hurts!! #6)",Sequential Art,4,35.43,35.43,14,Yes,394f6d30cafc3edb
Shtum,Fiction,4,55.84,55.84,14,Yes,830fb3967c74866d
See America: A Celebration of Our National Parks & Treasured Sites,Travel,3,48.87,48.87,14,Yes,f9705c362f070608
salt.,Poetry,4,46.78,46.78,14,Yes,86cbddb61ea78bb7
Robin War,Sequential Art,3,47.82,47.82,14,Yes,85b2176b3b194030
"Red Hood/Arsenal, Vol. 1: Open for Business (Red Hood/Arsenal #1)",Sequential Art,2,25.48,25.48,14,Yes,31e2e2d9cca3778f
Rain Fish,Childrens,3,23.57,23.57,14,Yes,a6454e329f872b78
"Quarter Life Poetry: Poems for the Young, Broke and Hangry",Poetry,5,50.89,50.89,14,Yes,aa35446aab16017f
Pet Sematary,Horror,3,10.56,10.56,14,Yes,af58a74e4b2a23a0
"Overload: How to Unplug, Unwind, and Unleash Yourself from the Pressure of Stress",Self Help,3,52.15,52.15,14,Yes,8ecf0356a3878811
Once Was a Time,Childrens,2,18.28,18.28,14,Yes,e34efcc824685332
Old School (Diary of a Wimpy Kid #10),Humor,5,11.83,11.83,14,Yes,02b74068fa98d8a4
No Dream Is Too High: Life Lessons From a Man Who Walked on the Moon,Nonfiction,2,21.95,21.95,14,Yes,132ec5e8c984adef
"Naruto (3-in-1 Edition), Vol. 14: Includes Vols. 40, 41 & 42 (Naruto: Omnibus #14)",Sequential Art,2,38.39,38.39,14,Yes,71e36f33981ddb74
My Name Is Lucy Barton,Fiction,1,41.56,41.56,14,Yes,727bf2b86b19ad88
My Mrs. Brown,Fiction,3,24.48,24.48,14,Yes,cc82685d9f49bc2c
My Kind of Crazy,Young Adult,1,40.36,40.36,14,Yes,137b0b2775701e11
Mr. Mercedes (Bill Hodges Trilogy #1),Fiction,1,28.9,28.9,14,Yes,caa2e5b3fb1b2d4c
More Than Music (Chasing the Dream #1),Add a comment,2,37.61,37.61,14,Yes,47d47155e89c8be7
Made to Stick: Why Some Ideas Survive and Others Die,Business,5,38.85,38.85,14,Yes,b96fc7a0ea7d4b45
Luis Paints the World,Childrens,3,53.95,53.95,14,Yes,5b43cae640f2338a
Luckiest Girl Alive,Default,3,49.83,49.83,14,Yes,d512871626a5e588
Lowriders to the Center of the Earth (Lowriders in Space #2),Sequential Art,2,51.51,51.51,14,Yes,a10c7515834240f3
Love Is a Mix Tape (Music #1),Music,1,18.03,18.03,14,Yes,adb5f51c2e2ab13f
Looking for Lovely: Collecting the Moments that Matter,Nonfiction,5,29.14,29.14,14,Yes,24af96df0bafb925
"Living Leadership by Insight: A Good Leader Achieves, a Great Leader Builds Monuments",Default,4,46.91,46.91,14,Yes,17fb5a88180f9904
Let It Out: A Journey Through Journaling,Nonfiction,5,26.79,26.79,14,Yes,1174156c4a0eccaa
Lady Midnight (The Dark Artifices #1),Default,5,16.28,16.28,14,Yes,708345c9897fd7c5
"It's All Easy: Healthy, Delicious Weeknight Meals in under 30 Minutes",Food and Drink,1,19.55,19.55,14,Yes,245e6bf08b8d2955
Island of Dragons (Unwanteds #7),Fantasy,1,29.65,29.65,14,Yes,2b52334fab158861
I Know What I'm Doing -- and Other Lies I Tell Myself: Dispatches from a Life Under Construction,Humor,4,25.98,25.98,14,Yes,b8a8ff84233f0570
I Am Pilgrim (Pilgrim #1),Fiction,4,10.6,10.6,14,Yes,aeff7b87a8e83ebb
"Hyperbole and a Half: Unfortunate Situations, Flawed Coping Mechanisms, Mayhem, and Other Things That Happened",Humor,5,14.75,14.75,14,Yes,fbb21a2f71f4d981
"Hush, Hush (Hush, Hush #1)",Default,3,47.02,47.02,14,Yes,6b6cd77fbc91b7a6
Hold Your Breath (Search and Rescue #1),Romance,1,28.82,28.82,14,Yes,0b165bd4b9f42fd5
Hamilton: The Revolution,Nonfiction,3,58.79,58.79,14,Yes,afa829857f82f99e
Greek Mythic History,Default,5,10.23,10.23,14,Yes,f201f263d8c23f97
God: The Most Unpleasant Character in All Fiction,Religion,5,30.03,30.03,14,Yes,eec424a84c9e4c68
Glory over Everything: Beyond The Kitchen House,Historical Fiction,3,45.84,45.84,14,Yes,de4b403cb629a29f
Feathers: Displays of Brilliant Plumage,Art,3,49.05,49.05,14,Yes,9194ae88379dbf1a
"Far & Away: Places on the Brink of Change: Seven Continents, Twenty-Five Years",Nonfiction,4,15.06,15.06,14,Yes,ac4dde0d1be05de0
Every Last Word,Default,3,46.47,46.47,14,Yes,a2bd4ca82d908442
Eligible (The Austen Project #4),Fiction,3,27.09,27.09,14,Yes,9eaf58b03a2779cc
El Deafo,Sequential Art,5,57.62,57.62,14,Yes,27c5968fe43cc06e
Eight Hundred Grapes,Fiction,4,14.39,14.39,14,Yes,1d6dd0c87d90fe92
"Eaternity: More than 150 Deliciously Easy Vegan Recipes for a Long, Healthy, Satisfied, Joyful Life",Nonfiction,5,51.75,51.75,14,Yes,a01f6d368ef64dc5
"Eat Fat, Get Thin",Health,2,54.07,54.07,14,Yes,047dfa57ba0bf638
Don't Get Caught,Young Adult,1,55.35,55.35,14,Yes,ad2887ce04583910
Doctor Sleep (The Shining #2),Horror,2,40.12,40.12,14,Yes,bf5de316a5e9a4ab
Demigods & Magicians: Percy and Annabeth Meet the Kanes (Percy Jackson & Kane Chronicles Crossover #1-3),Fantasy,5,37.51,37.51,14,Yes,3c6fe637a0180b01
Dear Mr. Knightley,Fiction,5,11.21,11.21,14,Yes,94a958ea126cdcd5
Daily Fantasy Sports,Default,1,36.58,36.58,14,Yes,0e94a089328be4bc
Crazy Love: Overwhelmed by a Relentless God,Christian,2,47.72,47.72,14,Yes,4b9d9cfe0f435788
Cometh the Hour (The Clifton Chronicles #6),Fiction,3,25.01,25.01,14,Yes,28cf0d1c51b491e5
Code Name Verity (Code Name Verity #1),Add a comment,4,22.13,22.13,14,Yes,33a3e0e3ffde0dcd
Clockwork Angel (The Infernal Devices #1),Default,1,44.14,44.14,14,Yes,42b0c50fc44140ec
City of Glass (The Mortal Instruments #3),Fantasy,4,56.02,56.02,14,Yes,966ebb738e0f9d9b
City of Fallen Angels (The Mortal Instruments #4),Default,4,11.23,11.23,14,Yes,1e264c677d4ee4ae
City of Bones (The Mortal Instruments #1),Default,1,43.28,43.28,14,Yes,5b987e54ee72525c
City of Ashes (The Mortal Instruments #2),Default,1,47.27,47.27,14,Yes,8a6ec2761f91dad2
Cell,Add a comment,4,20.29,20.29,14,Yes,bfbb54bc8cdeed2b
Catching Jordan (Hundred Oaks),Young Adult,3,50.83,50.83,14,Yes,e2e7b683b4c15b7d
"Carry On, Warrior: Thoughts on Life Unarmed",Default,3,31.85,31.85,14,Yes,1b0fc9f777cad045
Carrie,Default,2,46.23,46.23,14,Yes,5f22418922fa728b
Buying In: The Secret Dialogue Between What We Buy and Who We Are,Nonfiction,4,37.8,37.8,14,Yes,16ef91b9d827859c
Brain on Fire: My Month of Madness,Nonfiction,5,49.32,49.32,14,Yes,a80f66b254fe9eb3
Batman: Europa,Sequential Art,2,32.01,32.01,14,Yes,bf68dcb5fad3cc8c
Barefoot Contessa Back to Basics,Food and Drink,1,28.01,28.01,14,Yes,999912e63a3262ae
Barefoot Contessa at Home: Everyday Recipes You'll Make Over and Over Again,Food and Drink,5,50.62,50.62,14,Yes,0e0da9192a025efc
Balloon Animals,Fiction,3,17.03,17.03,14,Yes,9b65f676984c9f0c
Art Ops Vol. 1,Sequential Art,3,48.8,48.8,14,Yes,ffdc825785c0ede8
Aristotle and Dante Discover the Secrets of the Universe (Aristotle and Dante Discover the Secrets of the Universe #1),Young Adult,4,58.14,58.14,14,Yes,41164b8ac02a2c42
Angels Walking (Angels Walking #1),Add a comment,2,34.2,34.2,14,Yes,1fbb5f786e53a0ce
Angels & Demons (Robert Langdon #1),Default,3,51.48,51.48,14,Yes,ad41c24ccac0c7ce
All the Light We Cannot See,Historical,5,29.87,29.87,14,Yes,39861fc1c0845d15
"Adulthood Is a Myth: A ""Sarah's Scribbles"" Collection",Sequential Art,2,10.9,10.9,14,Yes,5319169a72714c62
Abstract City,Nonfiction,5,56.37,56.37,14,Yes,cf1aa2fc02a7d1e0
A Time of Torment (Charlie Parker #14),Mystery,5,48.35,48.35,14,Yes,4416c474713ec1f5
A Study in Scarlet (Sherlock Holmes #1),Mystery,2,16.73,16.73,14,Yes,63ee5bc46066a8a8
"A Series of Catastrophes and Miracles: A True Story of Love, Science, and Cancer",Add a comment,2,56.48,56.48,14,Yes,c1379d3744f1dd2c
A People's History of the United States,Add a comment,2,40.79,40.79,14,Yes,1ad06aed9349af46
A Man Called Ove,Fiction,1,39.72,39.72,14,Yes,8682c03de6a844ff
A Distant Mirror: The Calamitous 14th Century,History,3,14.58,14.58,14,Yes,d5e0526e1ab682a3
A Brush of Wings (Angels Walking #3),Add a comment,1,55.51,55.51,14,Yes,01a177623cce9596
1491: New Revelations of the Americas Before Columbus,History,3,21.8,21.8,14,Yes,6e8e5626ac4d279e
"The Three Searches, Meaning, and the Story",Default,3,13.33,13.33,13,Yes,ac5e0d3938caf686
Searching for Meaning in Gailana,Fantasy,1,38.73,38.73,13,Yes,2f0213137a80d485
Rook,Add a comment,4,37.86,37.86,13,Yes,44d97b6707dae3f0
My Kitchen Year: 136 Recipes That Saved My Life,Food and Drink,2,11.53,11.53,13,Yes,8bbd7df8a324f31d
13 Hours: The Inside Account of What Really Happened In Benghazi,Nonfiction,1,27.06,27.06,13,Yes,4be9d1910f8a4e80
Will You Won't You Want Me?,Womens Fiction,3,13.86,13.86,12,Yes,077b635ff2afc578
Tipping Point for Planet Earth: How Close Are We to the Edge?,Science,1,37.55,37.55,12,Yes,148715df5a02ea5e
The Star-Touched Queen,Fantasy,5,32.3,32.3,12,Yes,4a7a25be293ad678
The Silent Sister (Riley MacPherson #1),Fiction,5,46.29,46.29,12,Yes,ce1ae197ada2aec4
The Midnight Watch: A Novel of the Titanic and the Californian,Add a comment,1,26.2,26.2,12,Yes,14e44163678e24dc
The Lonely City: Adventures in the Art of Being Alone,Nonfiction,2,33.26,33.26,12,Yes,582a21a1dbbef3cf
The Gray Rhino: How to Recognize and Act on the Obvious Dangers We Ignore,Add a comment,4,59.15,59.15,12,Yes,3063c7e95d0bf76f
The Golden Condom: And Other Essays on Love Lost and Found,Psychology,1,39.43,39.43,12,Yes,235fa48eeed11d82
The Epidemic (The Program 0.6),Young Adult,5,14.44,14.44,12,Yes,f732d7d18a91d2ba
The Dinner Party,Fiction,2,56.54,56.54,12,Yes,c6ca293d4810e0d5
The Diary of a Young Girl,Nonfiction,3,59.9,59.9,12,Yes,54fc03f1e1d355db
The Children,Add a comment,3,11.88,11.88,12,Yes,64fd010bf8d15096
Stars Above (The Lunar Chronicles #4.5),Young Adult,2,48.05,48.05,12,Yes,b63ea3f7a57ae099
Snatched: How A Drug Queen Went Undercover for the DEA and Was Kidnapped By Colombian Guerillas,Nonfiction,3,21.21,21.21,12,Yes,f40fea200e0c644f
Raspberry Pi Electronics Projects for the Evil Genius,Default,4,49.67,49.67,12,Yes,ebf81a62e4798fd1
Quench Your Own Thirst: Business Lessons Learned Over a Beer or Two,Business,1,43.14,43.14,12,Yes,8976d9161c027142
Psycho: Sanitarium (Psycho #1.5),Horror,5,36.97,36.97,12,Yes,b8d7b3f5c7a95d65
Poisonous (Max Revere Novels #3),Mystery,3,26.8,26.8,12,Yes,abdd91e96515a617
One with You (Crossfire #5),Add a comment,4,15.71,15.71,12,Yes,81ef44fcc5f454df
No Love Allowed (Dodge Cove #1),Young Adult,4,54.65,54.65,12,Yes,db84624b151cbe06
Murder at the 42nd Street Library (Raymond Ambler #1),Mystery,4,54.36,54.36,12,Yes,e7fe3bf2768602cf
Most Wanted,Mystery,3,35.28,35.28,12,Yes,c039f5aceb093537
"Love, Lies and Spies",Historical Fiction,2,20.55,20.55,12,Yes,9546d537fbf99eb6
How to Speak Golf: An Illustrated Guide to Links Lingo,Default,5,58.32,58.32,12,Yes,b978c9852cde91bd
Hide Away (Eve Duncan #20),Mystery,1,11.84,11.84,12,Yes,bddc6fd036eb6279
Furiously Happy: A Funny Book About Horrible Things,Nonfiction,4,41.46,41.46,12,Yes,c6a29d6df8de968c
Everyday Italian: 125 Simple and Delicious Recipes,Food and Drink,5,20.1,20.1,12,Yes,76319fe9d8b465a3
Equal Is Unfair: America's Misguided Fight Against Income Inequality,Politics,1,56.86,56.86,12,Yes,3968e3fbf4695d7c
Eleanor & Park,Default,5,56.51,56.51,12,Yes,6983328f15506cb9
Dirty (Dive Bar #1),Romance,4,40.83,40.83,12,Yes,df7e628bad5782b4
Can You Keep a Secret? (Fear Street Relaunch #4),Horror,1,48.64,48.64,12,Yes,d069086944f2e330
Boar Island (Anna Pigeon #19),Mystery,3,59.48,59.48,12,Yes,49b24c6a41b82bd2
A Paris Apartment,Historical Fiction,4,39.01,39.01,12,Yes,63343e287971bb0c
"A la Mode: 120 Recipes in 60 Pairings: Pies, Tarts, Cakes, Crisps, and More Topped with Ice Cream, Gelato, Frozen Custard, and More",Food and Drink,1,38.77,38.77,12,Yes,a4eef523118805ef
Troublemaker: Surviving Hollywood and Scientology,Default,2,48.39,48.39,11,Yes,515cb8fcafb1ad98
The Widow,Mystery,2,27.26,27.26,11,Yes,6159d8b187831770
"The Sleep Revolution: Transforming Your Life, One Night at a Time",Nonfiction,4,11.68,11.68,11,Yes,985991708c47003e
The Improbability of Love,Fiction,1,59.45,59.45,11,Yes,437d8dea9272d0a9
The Art of Startup Fundraising,Business,3,21.0,21.0,11,Yes,1c584f82a7a1c4f0
Take Me Home Tonight (Rock Star Romance #3),Romance,3,53.98,53.98,11,Yes,cf62fa272b5f0fa3
Sleeping Giants (Themis Files #1),Science Fiction,1,48.74,48.74,11,Yes,f435aa99d864077d
"Setting the World on Fire: The Brief, Astonishing Life of St. Catherine of Siena",Biography,2,21.15,21.15,11,Yes,b06599b108e83f98
Playing with Fire,Mystery,3,13.71,13.71,11,Yes,05a61a3bd8ca4149
Off the Hook (Fishing for Trouble #1),Romance,3,47.67,47.67,11,Yes,b783ce08802cd1d1
Mothering Sunday,Fiction,2,13.34,13.34,11,Yes,47e1b2d43f709995
"Mother, Can You Not?",Nonfiction,5,16.89,16.89,11,Yes,28b2df9fadc9f07e
M Train,Autobiography,1,27.18,27.18,11,Yes,5569c3fea112718e
Lilac Girls,Historical Fiction,2,17.28,17.28,11,Yes,bade9943ee01b63f
Lies and Other Acts of Love,Fiction,1,45.14,45.14,11,Yes,469508882dfc1991
Lab Girl,Autobiography,1,40.85,40.85,11,Yes,825d6c44da3ca5a6
Keep Me Posted,Womens Fiction,4,20.46,20.46,11,Yes,20dc4f1ac5d4fd9c
It Didn't Start with You: How Inherited Family Trauma Shapes Who We Are and How to End the Cycle,Psychology,3,56.27,56.27,11,Yes,ce8666d9b42fc9a0
Grey (Fifty Shades #4),Womens Fiction,4,48.49,48.49,11,Yes,b5953ca1f8a0b8d7
"Exit, Pursued by a Bear",Young Adult,4,51.34,51.34,11,Yes,c65c25d990fc7025
Daredevils,Fiction,3,16.34,16.34,11,Yes,f608c903c451f387
Cravings: Recipes for What You Want to Eat,Food and Drink,3,20.5,20.5,11,Yes,2587c54f5530dafc
Born for This: How to Find the Work You Were Meant to Do,Business,5,21.59,21.59,11,Yes,816180220e8cb419
Arena,Science Fiction,4,21.36,21.36,11,Yes,2c34f9432069b52b
Adultery,Default,5,20.88,20.88,11,Yes,bb967277222e689c
A Mother's Reckoning: Living in the Aftermath of Tragedy,Nonfiction,3,19.53,19.53,11,Yes,2b69dec0193511d9
A Gentleman's Position (Society of Gentlemen #3),Romance,5,14.75,14.75,11,Yes,40c4bf520c17de54
11/22/63,Fiction,3,48.48,48.48,11,Yes,a9d7b75461084a26
"10% Happier: How I Tamed the Voice in My Head, Reduced Stress Without Losing My Edge, and Found Self-Help That Actually Works",Nonfiction,2,24.57,24.57,10,Yes,34669b2e9d407d3a
10-Day Green Smoothie Cleanse: Lose Up to 15 Pounds in 10 Days!,Health,5,49.71,49.71,10,Yes,96aa539bfd4c07e2
Without Shame,Add a comment,5,48.27,48.27,9,Yes,ab60e6f5a63e1cfb
Watchmen,Add a comment,4,58.05,58.05,9,Yes,d1848064c54e01c7
Unlimited Intuition Now,Default,4,58.87,58.87,9,Yes,4fd0a2a350f016e6
Underlying Notes,Default,2,11.82,11.82,9,Yes,0967effecd292a86
The Shack,Fiction,1,28.03,28.03,9,Yes,903a9f8090104c2c
The New Brand You: Your New Image Makes the Sale for You,Default,5,44.05,44.05,9,Yes,4b50fb1359ebf35d
"The Moosewood Cookbook: Recipes from Moosewood Restaurant, Ithaca, New York",Food and Drink,4,12.34,12.34,9,Yes,65cfc9f242c2984a
The Flowers Lied,Default,2,16.68,16.68,9,Yes,33396269bcce166f
"The Fabric of the Cosmos: Space, Time, and the Texture of Reality",Science,1,55.91,55.91,9,Yes,ca74f2e3c35a3e77
The Book of Mormon,Religion,3,24.57,24.57,9,Yes,3f25a2fedae191cc
The Art and Science of Low Carbohydrate Living,Health,5,52.98,52.98,9,Yes,f9c87ccb2bc4853b
The Alien Club,Young Adult,1,54.4,54.4,9,Yes,e77594ece9b9d1fe
Suzie Snowflake: One beautiful flake (a self-esteem story),Novels,5,54.81,54.81,9,Yes,0e095ed785af7e43
Nap-a-Roo,Childrens,1,25.08,25.08,9,Yes,913e7109cec0cb4c
"NaNo What Now? Finding your editing process, revising your NaNoWriMo book and building a writing career through publishing and beyond",Default,4,10.41,10.41,9,Yes,ee6c67859d70186b
Modern Day Fables,Default,2,47.44,47.44,9,Yes,6baac632f7711e26
If I Gave You God's Phone Number....: Searching for Spirituality in America,Spirituality,1,20.91,20.91,9,Yes,8fab4c4f6f82a4ce
"Fruits Basket, Vol. 9 (Fruits Basket #9)",Sequential Art,4,33.95,33.95,9,Yes,97187f5cf0385da3
Dress Your Family in Corduroy and Denim,Humor,3,43.68,43.68,9,Yes,7e9068872228c474
Don't Forget Steven,Young Adult,1,33.23,33.23,9,Yes,e845d305f64154f1
Chernobyl 01:23:40: The Incredible True Story of the World's Worst Nuclear Disaster,Nonfiction,2,35.92,35.92,9,Yes,7186241e043de5dc
Art and Fear: Observations on the Perils (and Rewards) of Artmaking,Art,4,48.63,48.63,9,Yes,d6d9ffea95f2f8bf
A Shard of Ice (The Black Symphony Saga #1),Fantasy,3,56.63,56.63,9,Yes,63d5f1651880dcea
A Hero's Curse (The Unseen Chronicles #1),Add a comment,3,50.49,50.49,9,Yes,c181ca8eabe7d18c
23 Degrees South: A Tropical Tale of Changing Whether...,Add a comment,2,35.79,35.79,9,Yes,61cf7eb9d2cd8bb0
"Zero to One: Notes on Startups, or How to Build the Future",Nonfiction,3,34.06,34.06,8,Yes,e77033ce559947f7
Why Not Me?,Nonfiction,1,17.76,17.76,8,Yes,04f6c929888f4f11
When Breath Becomes Air,Nonfiction,2,39.36,39.36,8,Yes,b69c852e7e3956af
Vagabonding: An Uncommon Guide to the Art of Long-Term World Travel,Travel,2,36.94,36.94,8,Yes,1809259a5a5f1d8d
The Unlikely Pilgrimage of Harold Fry (Harold Fry #1),Default,5,43.62,43.62,8,Yes,e0bdd79c7304ee8d
The New Drawing on the Right Side of the Brain,Art,3,43.02,43.02,8,Yes,3eec766dda26fa64
"The Midnight Assassin: Panic, Scandal, and the Hunt for America's First Serial Killer",Nonfiction,4,28.45,28.45,8,Yes,5a0d2e9284004266
The Martian (The Martian #1),Default,2,41.39,41.39,8,Yes,9afd00e81d6208e6
The High Mountains of Portugal,Fiction,1,51.15,51.15,8,Yes,4f283dfcbeccc0d4
The Grownup,Short Stories,1,35.88,35.88,8,Yes,1bba4b1ba23ed2d6
The E-Myth Revisited: Why Most Small Businesses Don't Work and What to Do About It,Business,1,36.91,36.91,8,Yes,a2308a936e898d48
South of Sunshine,Young Adult,1,28.93,28.93,8,Yes,331c26103d885cae
Smarter Faster Better: The Secrets of Being Productive in Life and Business,Nonfiction,5,38.89,38.89,8,Yes,a2475a245c9907c4
Silence in the Dark (Logan Point #4),Suspense,3,58.33,58.33,8,Yes,e46a164cf310fd7d
Shadows of the Past (Logan Point #1),Christian Fiction,5,39.67,39.67,8,Yes,bee6e93e9976f4fa
Roller Girl,Sequential Art,5,14.1,14.1,8,Yes,aeb51dfbe8aeec59
Rising Strong,Nonfiction,3,21.82,21.82,8,Yes,52fc458ffc756faf
Proofs of God: Classical Arguments from Tertullian to Barth,Philosophy,1,54.21,54.21,8,Yes,d56d0710668bb39c
Please Kill Me: The Uncensored Oral History of Punk,Music,4,31.19,31.19,8,Yes,4a823d80aa30dbb0
Out of Print: City Lights Spotlight No. 14,Poetry,5,53.64,53.64,8,Yes,c0fc0cd215ee1724
My Life Next Door (My Life Next Door ),Young Adult,5,36.39,36.39,8,Yes,9a7291b89bd5445c
Miller's Valley,Fiction,2,58.54,58.54,8,Yes,bff270fe9c86a5a9
Man's Search for Meaning,Nonfiction,3,29.48,29.48,8,Yes,4729afff3bea0f0a
"Love That Boy: What Two Presidents, Eight Road Trips, and My Son Taught Me About a Parent's Expectations",Nonfiction,2,25.06,25.06,8,Yes,4d3a4c7b442a9a4e
Living Forward: A Proven Plan to Stop Drifting and Get the Life You Want,Nonfiction,3,12.55,12.55,8,Yes,044534b0b28b4e87
Les Fleurs du Mal,Poetry,5,29.04,29.04,8,Yes,c44c5e1425475206
Left Behind (Left Behind #1),Default,2,40.72,40.72,8,Yes,29af1a2566c4e36e
Kill 'Em and Leave: Searching for James Brown and the American Soul,Music,5,45.05,45.05,8,Yes,39eefec3a8498dde
Kierkegaard: A Christian Missionary to Christians,Philosophy,1,47.13,47.13,8,Yes,0cf57cb49272fd37
John Vassos: Industrial Design for Modern Life,Default,4,20.22,20.22,8,Yes,bd26e8a79a856c31
I'll Give You the Sun,Default,1,56.48,56.48,8,Yes,0ab4b35dcffcffd1
I Will Find You,Nonfiction,1,44.21,44.21,8,Yes,bbf1ea50be8008ab
Hystopia: A Novel,Fiction,4,21.96,21.96,8,Yes,0bfdef63285d3019
Howl and Other Poems,Poetry,2,40.45,40.45,8,Yes,b7870fa6dc088fbb
History of Beauty,Art,4,10.29,10.29,8,Yes,8a150fd8ff5d7686
Heaven is for Real: A Little Boy's Astounding Story of His Trip to Heaven and Back,Default,2,52.86,52.86,8,Yes,d48c1369927ebef1
Future Shock (Future Shock #1),Young Adult,5,55.65,55.65,8,Yes,df6a7c43faa6732b
Ender's Game (The Ender Quintet #1),Default,1,43.64,43.64,8,Yes,e049d44c4f1cf1b2
Diary of a Citizen Scientist: Chasing Tiger Beetles and Other New Ways of Engaging the World,Science,1,28.41,28.41,8,Yes,0c11e2d068768dbb
Death by Leisure: A Cautionary Tale,Default,4,37.51,37.51,8,Yes,4dbd54d9e36c9566
Brilliant Beacons: A History of the American Lighthouse,History,3,11.45,11.45,8,Yes,7f5157bf53065d36
Brazen: The Courage to Find the You That's Been Hiding,Nonfiction,2,19.22,19.22,8,Yes,77e9ea355bd8ae57
Between the World and Me,Nonfiction,4,56.91,56.91,8,Yes,04e3de7ac35ec5cd
Being Mortal: Medicine and What Matters in the End,Nonfiction,4,55.06,55.06,8,Yes,15ebd83e53d0391b
"A Murder Over a Girl: Justice, Gender, Junior High",Nonfiction,3,13.2,13.2,8,Yes,fef91502cbacf23a
32 Yolks,Food and Drink,2,53.63,53.63,8,Yes,b1a227b7609ff263
"""Most Blessed of the Patriarchs"": Thomas Jefferson and the Empire of the Imagination",History,5,44.48,44.48,8,Yes,f16c2edb2a603f92
You Are a Badass: How to Stop Doubting Your Greatness and Start Living an Awesome Life,Self Help,3,12.08,12.08,7,Yes,88ec621893e595d0
Wildlife of New York: A Five-Borough Coloring Book,Default,2,22.14,22.14,7,Yes,b46d022080543144
What Happened on Beale Street (Secrets of the South Mysteries #2),Mystery,5,25.37,25.37,7,Yes,9735c969c652dd89
Unreasonable Hope: Finding Faith in the God Who Brings Purpose to Your Pain,Spirituality,2,46.33,46.33,7,Yes,48cb52d78c992487
Under the Tuscan Sun,Travel,3,37.33,37.33,7,Yes,a94350ee74deaa07
Toddlers Are A**holes: It's Not Your Fault,Humor,1,25.55,25.55,7,Yes,4242cc3d0437db12
The Year of Living Biblically: One Man's Humble Quest to Follow the Bible as Literally as Possible,Default,1,34.72,34.72,7,Yes,4a0b78598b42897a
The Whale,Childrens,4,35.96,35.96,7,Yes,0ff9d10864db8364
The Story of Art,Art,4,41.14,41.14,7,Yes,9147c5251cc99eb1
The Origin of Species,Science,4,10.01,10.01,7,Yes,0345872b14f9e774
The Great Gatsby,Default,4,36.05,36.05,7,Yes,a8dbf1c6b41b885a
The Good Girl,Default,3,49.03,49.03,7,Yes,f935412970c9f58f
The Glass Castle,Add a comment,1,16.24,16.24,7,Yes,47f4fd3e8e1dac05
The Faith of Christopher Hitchens: The Restless Soul of the World's Most Notorious Atheist,Biography,1,39.55,39.55,7,Yes,57f85720e54d6442
The Drowning Girls,Add a comment,3,35.67,35.67,7,Yes,7a10353c9c54cf7c
The Constant Princess (The Tudor Court #1),Historical Fiction,3,16.62,16.62,7,Yes,24933c712f0bca2f
The Bourne Identity (Jason Bourne #1),Fiction,4,42.78,42.78,7,Yes,d250657f0ebc5d73
The Bachelor Girl's Guide to Murder (Herringford and Watts Mysteries #1),Mystery,5,52.3,52.3,7,Yes,20789fb17b423c4c
The Art Book,Art,2,32.34,32.34,7,Yes,4b8fa561a1e52d1c
The 7 Habits of Highly Effective People: Powerful Lessons in Personal Change,Default,4,33.17,33.17,7,Yes,5fbd03b1ac0a0e69
Team of Rivals: The Political Genius of Abraham Lincoln,Add a comment,5,20.12,20.12,7,Yes,ba047a636b7d3793
Steal Like an Artist: 10 Things Nobody Told You About Being Creative,Default,2,20.9,20.9,7,Yes,8776181be110838a
"Sit, Stay, Love",Romance,3,20.9,20.9,7,Yes,bd087cf6a846db75
Sister Dear,Fiction,4,40.2,40.2,7,Yes,7ffebdd1d5148aef
"Shrunken Treasures: Literary Classics, Short, Sweet, and Silly",Childrens,3,52.87,52.87,7,Yes,9639e89d20228e6e
"Rich Dad, Poor Dad",Business,1,51.74,51.74,7,Yes,8486f61aa81a3daa
Raymie Nightingale,Childrens,2,34.41,34.41,7,Yes,31c56c4d0fe19340
Playing from the Heart,Childrens,1,32.38,32.38,7,Yes,68008abf6409dfde
Nightstruck: A Novel,Young Adult,4,50.35,50.35,7,Yes,746029796363aa51
"Naturally Lean: 125 Nourishing Gluten-Free, Plant-Based Recipes--All Under 300 Calories",Food and Drink,5,11.38,11.38,7,Yes,924438fc6cbec836
Meternity,Womens Fiction,3,43.58,43.58,7,Yes,725cd8d23d78cdca
Memoirs of a Geisha,Fiction,3,49.67,49.67,7,Yes,dac4b5847454fd9b
Like Never Before (Walker Family #2),Christian Fiction,2,28.77,28.77,7,Yes,b6670507e85b30e6
Life of Pi,Default,4,13.22,13.22,7,Yes,40cdcbb7692fd408
Leave This Song Behind: Teen Poetry at Its Best,Poetry,5,51.17,51.17,7,Yes,b74ee891e2a6dd69
King's Folly (The Kinsman Chronicles #1),Fantasy,5,39.61,39.61,7,Yes,4c82371b8cd02d4d
John Adams,Add a comment,4,57.43,57.43,7,Yes,68407606544d6f22
How to Cook Everything Vegetarian: Simple Meatless Recipes for Great Food (How to Cook Everything),Food and Drink,4,46.01,46.01,7,Yes,2a9fcb3382d351c8
How to Be a Domestic Goddess: Baking and the Art of Comfort Cooking,Food and Drink,2,28.25,28.25,7,Yes,eff5710404e2ff78
Good in Bed (Cannie Shapiro #1),Add a comment,5,37.05,37.05,7,Yes,c00bc29a678a6efb
"Fruits Basket, Vol. 7 (Fruits Basket #7)",Sequential Art,1,19.57,19.57,7,Yes,de6d7645f192d517
For the Love: Fighting for Grace in a World of Impossible Standards,Nonfiction,3,45.13,45.13,7,Yes,2e40333991f56f45
Finding God in the Ruins: How God Redeems Pain,Nonfiction,2,46.64,46.64,7,Yes,4e78f06160b717ac
Every Heart a Doorway (Every Heart A Doorway #1),Fantasy,5,12.16,12.16,7,Yes,4fa75fc6829431ca
Delivering the Truth (Quaker Midwife Mystery #1),Mystery,4,20.89,20.89,7,Yes,4e980425468708da
Counted With the Stars (Out from Egypt #1),Christian Fiction,5,17.97,17.97,7,Yes,4807043b8218e9ce
"Chronicles, Vol. 1",Music,2,52.6,52.6,7,Yes,4781b6bfd6f7a2c5
Blue Like Jazz: Nonreligious Thoughts on Christian Spirituality,Christian,1,25.77,25.77,7,Yes,a322361a37a78d3d
Benjamin Franklin: An American Life,Biography,3,48.19,48.19,7,Yes,5b546a46a86a9d8c
"At The Existentialist CafÃ©: Freedom, Being, and apricot cocktails with: Jean-Paul Sartre, Simone de Beauvoir, Albert Camus, Martin Heidegger, Edmund Husserl, Karl Jaspers, Maurice Merleau-Ponty and others",Philosophy,5,29.93,29.93,7,Yes,6b52904b2ab91bf6
A Summer In Europe,Travel,2,44.34,44.34,7,Yes,cc1936a9f4e93477
A Short History of Nearly Everything,History,5,52.4,52.4,7,Yes,6c7fa6844380f50a
A Gathering of Shadows (Shades of Magic #2),Fantasy,4,44.81,44.81,7,Yes,d1378a0ad06ff979
The Sound Of Love,Default,5,57.84,57.84,6,Yes,5ba3d703d1ae0c1d
The Rise and Fall of the Third Reich: A History of Nazi Germany,History,2,39.67,39.67,6,Yes,774fa432bd7d9c47
The Perks of Being a Wallflower,Default,3,55.02,55.02,6,Yes,fd364afd082f5446
The Mysterious Affair at Styles (Hercule Poirot #1),Mystery,4,24.8,24.8,6,Yes,2da5edf8b5776c9a
The Man Who Mistook His Wife for a Hat and Other Clinical Tales,Nonfiction,4,59.45,59.45,6,Yes,60376aa71be66083
The Makings of a Fatherless Child,Default,2,31.58,31.58,6,Yes,2efa5a839e62b1bd
The Joy of Cooking,Add a comment,4,43.27,43.27,6,Yes,d326e189b1210916
The Invention of Wings,Historical Fiction,1,37.34,37.34,6,Yes,e6635f5b0a2c78db
The Hobbit (Middle-Earth Universe),Default,5,17.8,17.8,6,Yes,72b5355dda190b6a
The Great Railway Bazaar,Travel,1,30.54,30.54,6,Yes,48736df57e7bec9f
The Golden Compass (His Dark Materials #1),Add a comment,1,18.77,18.77,6,Yes,d33824cb93ecab6f
The God Delusion,Add a comment,3,46.85,46.85,6,Yes,2bc80eba94950873
The Girl You Left Behind (The Girl You Left Behind #1),Historical,1,15.79,15.79,6,Yes,eb7459e0c570251d
The Fellowship of the Ring (The Lord of the Rings #1),Default,2,10.27,10.27,6,Yes,cb17945cb90b7837
The Collected Poems of W.B. Yeats (The Collected Works of W.B. Yeats #1),Poetry,5,15.42,15.42,6,Yes,3d250ab0f12be445
The Barefoot Contessa Cookbook,Food and Drink,5,59.92,59.92,6,Yes,6478ccb4416e6a5d
Tell the Wolves I'm Home,Young Adult,2,50.96,50.96,6,Yes,2a1b3d967cda1da2
Ship Leaves Harbor: Essays on Travel by a Recovering Journeyman,Default,3,30.6,30.6,6,Yes,8d8e9f9b8730eb25
Pride and Prejudice,Add a comment,4,19.27,19.27,6,Yes,720c36b2bee4692e
Musicophilia: Tales of Music and the Brain,Default,1,46.58,46.58,6,Yes,6d235933670503d9
Mere Christianity,Add a comment,3,48.51,48.51,6,Yes,f38f37ed934d84b2
Me Before You (Me Before You #1),Fiction,1,19.02,19.02,6,Yes,7a2b51f69e81c722
In the Woods (Dublin Murder Squad #1),Mystery,2,38.38,38.38,6,Yes,6958de044cb28a84
In Cold Blood,Nonfiction,4,49.98,49.98,6,Yes,fe0f34ebed689381
How to Stop Worrying and Start Living,Self Help,5,46.49,46.49,6,Yes,e792c0969cefe1b8
Give It Back,Thriller,2,18.32,18.32,6,Yes,012170e4fc87ace0
"Girl, Interrupted",Nonfiction,3,42.14,42.14,6,Yes,384c7d41d5ffe9d1
Fun Home: A Family Tragicomic,Add a comment,4,56.59,56.59,6,Yes,56a34d0cec11d6b0
"Fruits Basket, Vol. 6 (Fruits Basket #6)",Sequential Art,4,20.96,20.96,6,Yes,97258f576d4bb672
Deception Point,Fiction,4,40.32,40.32,6,Yes,4e3b183180e2a992
"Death Note, Vol. 6: Give-and-Take (Death Note #6)",Sequential Art,3,36.39,36.39,6,Yes,6e06d0f00f6da20f
Catherine the Great: Portrait of a Woman,History,4,58.55,58.55,6,Yes,f3c70d296ec796c4
Better Homes and Gardens New Cook Book,Food and Drink,3,39.61,39.61,6,Yes,faf841f81c52638b
An Unquiet Mind: A Memoir of Moods and Madness,Psychology,3,21.3,21.3,6,Yes,46cb43c2ab133ccc
A Year in Provence (Provence #1),Travel,4,56.88,56.88,6,Yes,9e60929f521fa280
World Without End (The Pillars of the Earth #2),Historical Fiction,4,32.97,32.97,5,Yes,2e5b4ff08a75fd02
"Will Grayson, Will Grayson (Will Grayson, Will Grayson)",Young Adult,4,47.31,47.31,5,Yes,e75f3ae1da1cc652
Why Save the Bankers?: And Other Essays on Our Economic and Political Crisis,Nonfiction,2,48.67,48.67,5,Yes,759ee7d059b1beb8
Where She Went (If I Stay #2),Young Adult,4,41.73,41.73,5,Yes,60369d96b7b80869
What If?: Serious Scientific Answers to Absurd Hypothetical Questions,Default,4,53.68,53.68,5,Yes,163d89116179c33f
Two Summers,Young Adult,1,14.64,14.64,5,Yes,3a7d54a264d9f33e
This Is Your Brain on Music: The Science of a Human Obsession,Music,1,38.4,38.4,5,Yes,bc209a900101f28d
The Secret Garden,Classics,4,15.08,15.08,5,Yes,abbb492978ff656d
The Raven King (The Raven Cycle #4),Add a comment,2,30.57,30.57,5,Yes,2e4fc5eacceec12c
The Raven Boys (The Raven Cycle #1),Fantasy,4,57.74,57.74,5,Yes,e0b3a679b83caccc
The Power Greens Cookbook: 140 Delicious Superfood Recipes,Food and Drink,5,11.05,11.05,5,Yes,f701fae56b645ef7
The Metamorphosis,Classics,1,28.58,28.58,5,Yes,93379e3a2072a01b
The Mathews Men: Seven Brothers and the War Against Hitler's U-boats,History,5,42.91,42.91,5,Yes,0d210d2448c3018f
The Little Paris Bookshop,Fiction,3,24.73,24.73,5,Yes,dfd9ff1f343cdaff
The Hiding Place,History,4,55.91,55.91,5,Yes,c4589ee5977a47be
The Grand Design,Science,3,13.76,13.76,5,Yes,3213b1f13f5f0f7c
The Firm,Fiction,3,45.56,45.56,5,Yes,ad84f18659e6bfe2
The Fault in Our Stars,Default,1,47.22,47.22,5,Yes,3661360c99719414
The False Prince (The Ascendance Trilogy #1),Fantasy,5,56.0,56.0,5,Yes,a2a9f76339d21ab1
The Expatriates,Fiction,2,44.58,44.58,5,Yes,fe7210553d56c097
The Dream Thieves (The Raven Cycle #2),Default,1,34.5,34.5,5,Yes,fec06f52054ea900
The Darkest Corners,Young Adult,5,11.33,11.33,5,Yes,c4182bdb53e2459a
The Crossover,Poetry,4,38.77,38.77,5,Yes,b228042c088b1913
The 5th Wave (The 5th Wave #1),Default,2,11.83,11.83,5,Yes,b716233fcb6877e6
Tell the Wind and Fire,Fantasy,3,45.51,45.51,5,Yes,84126312e2431a09
Tell Me Three Things,Young Adult,1,41.81,41.81,5,Yes,50d5a7b861ed1c54
Talking to Girls About Duran Duran: One Young Man's Quest for True Love and a Cooler Haircut,Nonfiction,4,25.15,25.15,5,Yes,1dba84766a5e87b8
Siddhartha,Fiction,5,34.22,34.22,5,Yes,84bb29c53592ac40
Shiver (The Wolves of Mercy Falls #1),Default,5,16.23,16.23,5,Yes,59a8ae019b64f2a7
Remember Me?,Default,3,11.48,11.48,5,Yes,2973d38c2fbd7a5c
Red Dragon (Hannibal Lecter #1),Horror,3,23.37,23.37,5,Yes,e958ae92f328c181
Peak: Secrets from the New Science of Expertise,Science,2,16.28,16.28,5,Yes,6036239d2ab349b7
My Mother Was Nuts,Nonfiction,4,31.63,31.63,5,Yes,a4ce39a3720cd679
Mexican Today: New and Rediscovered Recipes for Contemporary Kitchens,Food and Drink,5,24.91,24.91,5,Yes,12a90b90283b2e6d
Maybe Something Beautiful: How Art Transformed a Neighborhood,Childrens,1,22.54,22.54,5,Yes,81c68492ccd72941
Lola and the Boy Next Door (Anna and the French Kiss #2),Young Adult,4,23.63,23.63,5,Yes,5e1a88d248599768
Logan Kade (Fallen Crest High #5.5),Academic,2,13.12,13.12,5,Yes,7093cf549cd2e7de
Last One Home (New Beginnings #1),Fiction,3,59.98,59.98,5,Yes,07e6810fd3236bda
Killing Floor (Jack Reacher #1),Thriller,4,31.49,31.49,5,Yes,8dde2ff3f6fcc0a3
Kill the Boy Band,Young Adult,5,15.52,15.52,5,Yes,44f545727e704187
Isla and the Happily Ever After (Anna and the French Kiss #3),Young Adult,5,48.13,48.13,5,Yes,45045146dbf7b009
If I Stay (If I Stay #1),Default,5,38.13,38.13,5,Yes,7284d85428305f5a
I Know Why the Caged Bird Sings (Maya Angelou's Autobiography #1),Default,2,36.55,36.55,5,Yes,d219d4e325e6f204
Harry Potter and the Deathly Hallows (Harry Potter #7),Default,1,23.32,23.32,5,Yes,6c49258724f11770
"Fruits Basket, Vol. 5 (Fruits Basket #5)",Sequential Art,1,16.33,16.33,5,Yes,3fd83dcf37bf1bc0
Foundation (Foundation (Publication Order) #1),Science Fiction,1,32.42,32.42,5,Yes,3fc124f59f3068e4
Fool Me Once,Default,1,16.96,16.96,5,Yes,630e766f0a1987dd
Find Her (Detective D.D. Warren #8),Add a comment,1,22.37,22.37,5,Yes,b28c7d07afa7063b
Evicted: Poverty and Profit in the American City,Add a comment,1,42.27,42.27,5,Yes,75cc85cdbe9ad46b
Drama,Default,2,38.7,38.7,5,Yes,d5ad4c92d8bf26c9
Dracula the Un-Dead,Horror,5,35.63,35.63,5,Yes,e46b1074b99ac4b6
Digital Fortress,Fiction,5,58.0,58.0,5,Yes,94bb629a3f6dd00b
"Death Note, Vol. 5: Whiteout (Death Note #5)",Sequential Art,1,52.41,52.41,5,Yes,1c0a38899c82b60a
"Data, A Love Story: How I Gamed Online Dating to Meet My Match",Nonfiction,3,32.35,32.35,5,Yes,bcf567421c581f0a
Critique of Pure Reason,Philosophy,1,20.75,20.75,5,Yes,429b4a811bef386c
Booked,Poetry,5,17.49,17.49,5,Yes,b54d7416bb445989
"Blue Lily, Lily Blue (The Raven Cycle #3)",Default,5,34.13,34.13,5,Yes,ad5e078beceaeb4a
Approval Junkie: Adventures in Caring Too Much,Autobiography,5,58.81,58.81,5,Yes,612369a5947a012e
An Abundance of Katherines,Young Adult,5,10.0,10.0,5,Yes,f36d24c309e87e5b
America's War for the Greater Middle East: A Military History,History,2,51.22,51.22,5,Yes,add33db6ff80db24
Alight (The Generations Trilogy #2),Default,4,58.59,58.59,5,Yes,d9290e99f189ce84
A Girl's Guide to Moving On (New Beginnings #2),Romance,1,31.3,31.3,5,Yes,cf3b86489890b9f2
A Game of Thrones (A Song of Ice and Fire #1),Add a comment,2,46.42,46.42,5,Yes,03cbb67c0f990d87
A Feast for Crows (A Song of Ice and Fire #4),Fantasy,4,17.21,17.21,5,Yes,f2c8f4b4c94d5c5c
A Clash of Kings (A Song of Ice and Fire #2),Add a comment,3,10.79,10.79,5,Yes,89a89e76f3516357
Vogue Colors A to Z: A Fashion Coloring Book,Default,4,52.35,52.35,4,Yes,a8f4577a48023344
The Shining (The Shining #1),Default,3,27.88,27.88,4,Yes,d4de23aa98acc65b
The Pilgrim's Progress,Classics,2,50.26,50.26,4,Yes,6053ddf69c967d5f
The Perfect Play (Play by Play #1),Romance,3,59.99,59.99,4,Yes,9cc207168a03470d
The Passion of Dolssa,Historical Fiction,5,28.32,28.32,4,Yes,011674f4a3834b8d
The Jazz of Physics: The Secret Link Between Music and the Structure of the Universe,Nonfiction,3,38.71,38.71,4,Yes,6a57286a8890d8c5
The Hunger Games (The Hunger Games #1),Default,5,29.85,29.85,4,Yes,6d2f70d9424f41a1
The Hound of the Baskervilles (Sherlock Holmes #5),Classics,2,14.82,14.82,4,Yes,6587f46697fc4443
The Gunning of America: Business and the Making of American Gun Culture,Nonfiction,4,16.81,16.81,4,Yes,45033bdf3d9ed158
The Geography of Bliss: One Grump's Search for the Happiest Places in the World,Nonfiction,2,28.23,28.23,4,Yes,c65ee14957c0fa5c
The Demonists (Demonist #1),Fantasy,2,52.11,52.11,4,Yes,ff2dffba388d9922
"The Demon Prince of Momochi House, Vol. 4 (The Demon Prince of Momochi House #4)",Sequential Art,2,27.88,27.88,4,Yes,df53c2948b32bde3
The Bone Hunters (Lexy Vaughan & Steven Macaulay #2),Thriller,3,59.71,59.71,4,Yes,9c4d061c1e2fe6bf
The Beast (Black Dagger Brotherhood #14),Fantasy,5,46.08,46.08,4,Yes,8930013d06942df1
Some Women,Womens Fiction,5,13.73,13.73,4,Yes,31f5bbf4974d29c9
Shopaholic Ties the Knot (Shopaholic #3),Womens Fiction,5,48.39,48.39,4,Yes,38199c5d7da0c0ef
Paper and Fire (The Great Library #2),Fantasy,5,49.45,49.45,4,Yes,ae884ac655d6ee3e
Outlander (Outlander #1),Default,5,19.67,19.67,4,Yes,5de4baa88061a77a
"Orchestra of Exiles: The Story of Bronislaw Huberman, the Israel Philharmonic, and the One Thousand Jews He Saved from Nazi Horrors",Music,3,12.36,12.36,4,Yes,2ba5ccc84d35006c
No One Here Gets Out Alive,Music,5,20.02,20.02,4,Yes,3a95f5a2df4ff921
Night Shift (Night Shift #1-20),Horror,4,12.75,12.75,4,Yes,869d20b3b8128230
Needful Things,Horror,4,47.51,47.51,4,Yes,70b585c9d0f15725
Mockingjay (The Hunger Games #3),Default,4,20.44,20.44,4,Yes,5212c6acea3359e5
Misery,Horror,2,34.79,34.79,4,Yes,81d4191030b9704b
Little Women (Little Women #1),Classics,4,28.07,28.07,4,Yes,deda806b68b0aa11
It,Horror,3,25.01,25.01,4,Yes,670a2773607d785d
Harry Potter and the Sorcerer's Stone (Harry Potter #1),Default,3,13.9,13.9,4,Yes,ac337893a9fe0085
Harry Potter and the Prisoner of Azkaban (Harry Potter #3),Young Adult,4,24.17,24.17,4,Yes,eff24325e0ede639
Harry Potter and the Order of the Phoenix (Harry Potter #5),Fantasy,4,31.63,31.63,4,Yes,5a6b7155f2797537
Harry Potter and the Half-Blood Prince (Harry Potter #6),Fantasy,5,48.75,48.75,4,Yes,73f4f87dd936ee5c
Harry Potter and the Chamber of Secrets (Harry Potter #2),Fantasy,1,14.74,14.74,4,Yes,c7c4f55b7321cba7
Gone with the Wind,Classics,3,32.49,32.49,4,Yes,23310ce84d3c9f85
God Is Not Great: How Religion Poisons Everything,Nonfiction,1,27.8,27.8,4,Yes,ddbc5530d2939d49
Girl With a Pearl Earring,Historical Fiction,1,26.77,26.77,4,Yes,5eff05e59f905a49
"Fruits Basket, Vol. 4 (Fruits Basket #4)",Sequential Art,4,50.44,50.44,4,Yes,8fff1084aa085a13
Far From True (Promise Falls Trilogy #2),Thriller,2,34.93,34.93,4,Yes,ad15a9a139919918
Dark Lover (Black Dagger Brotherhood #1),Romance,1,12.87,12.87,4,Yes,2b69d289279aabfd
Confessions of a Shopaholic (Shopaholic #1),Default,2,48.94,48.94,4,Yes,a2dc754afb69bb32
Changing the Game (Play by Play #2),Romance,3,13.38,13.38,4,Yes,aaebac5fda798b1b
Candide,Classics,3,58.63,58.63,4,Yes,2798974abc8a58a8
Can You Keep a Secret?,Womens Fiction,1,21.94,21.94,4,Yes,0812f54c93d726ce
Atlas Shrugged,Fiction,5,26.58,26.58,4,Yes,78a4ac98191ac675
Animal Farm,Classics,3,57.22,57.22,4,Yes,1451b55e5e56bb89
A Walk to Remember,Romance,1,56.43,56.43,4,Yes,aead11697d14ea36
A New Earth: Awakening to Your Life's Purpose,Spirituality,5,55.65,55.65,4,Yes,f6ae39568db1130e
"A History of God: The 4,000-Year Quest of Judaism, Christianity, and Islam",Religion,1,27.62,27.62,4,Yes,d12ca4020c2f602e
'Salem's Lot,Horror,4,49.56,49.56,4,Yes,6e9403f00acd6752
Zero History (Blue Ant #3),Default,1,34.77,34.77,3,Yes,634b7165c96ebb9f
Wuthering Heights,Classics,3,17.73,17.73,3,Yes,5a7ff9aaa3168878
World War Z: An Oral History of the Zombie War,Default,1,21.8,21.8,3,Yes,5d55202da0252627
Wild: From Lost to Found on the Pacific Crest Trail,Default,3,46.02,46.02,3,Yes,d30b9215c72cca87
"Where'd You Go, Bernadette",Default,1,18.13,18.13,3,Yes,07bb35158d9dd3d2
When You Are Engulfed in Flames,Humor,5,30.89,30.89,3,Yes,dab0196cd5fc8e5e
We the People: The Modern-Day Figures Who Have Reshaped and Affirmed the Founding Fathers' Vision of America,Nonfiction,3,31.95,31.95,3,Yes,06bab964fd536971
We Are All Completely Beside Ourselves,Contemporary,1,24.04,24.04,3,Yes,be3db344a845580b
Walk the Edge (Thunder Road #2),Young Adult,3,32.36,32.36,3,Yes,0e4e2d31c2fb3aad
Voyager (Outlander #3),Historical Fiction,5,21.07,21.07,3,Yes,7feac4000cbc5859
Very Good Lives: The Fringe Benefits of Failure and the Importance of Imagination,Nonfiction,3,50.66,50.66,3,Yes,52aa3d79b1cee455
Vegan Vegetarian Omnivore: Dinner for Everyone at the Table,Food and Drink,2,13.66,13.66,3,Yes,4672d10b9b1e7a05
"Unstuffed: Decluttering Your Home, Mind, and Soul",Nonfiction,1,58.09,58.09,3,Yes,b830685072fa871f
Under the Banner of Heaven: A Story of Violent Faith,Nonfiction,1,30.0,30.0,3,Yes,599a4f98bb193368
Two Boys Kissing,Young Adult,2,32.74,32.74,3,Yes,61bc8167c9680283
Twilight (Twilight #1),Default,2,41.93,41.93,3,Yes,b53078de0147f6bf
Twenties Girl,Womens Fiction,2,42.8,42.8,3,Yes,8ebad30219b8679c
"Trespassing Across America: One Man's Epic, Never-Done-Before (and Sort of Illegal) Hike Across the Heartland",Nonfiction,1,53.51,53.51,3,Yes,2173a2ce35f6ace1
Three-Martini Lunch,Fiction,3,23.21,23.21,3,Yes,57f755143ee96fd4
"Thinking, Fast and Slow",Psychology,1,21.14,21.14,3,Yes,719d72f3ee512dc6
The Wild Robot,Childrens,3,56.07,56.07,3,Yes,75fed6a47f69859d
"The Wicked + The Divine, Vol. 3: Commercial Suicide (The Wicked + The Divine)",Sequential Art,3,14.41,14.41,3,Yes,a33ed2e6068df53e
The Undomestic Goddess,Womens Fiction,4,45.75,45.75,3,Yes,813cff2aefa5d1f0
The Travelers,Thriller,1,15.77,15.77,3,Yes,2b685187f55c5d31
The Tipping Point: How Little Things Can Make a Big Difference,Add a comment,2,10.02,10.02,3,Yes,224fa77d4b248046
The Thing About Jellyfish,Childrens,1,48.77,48.77,3,Yes,3d15714d4d3d15dd
The Stand,Horror,2,57.86,57.86,3,Yes,49f24193f0b961e6
The Smitten Kitchen Cookbook,Food and Drink,1,23.59,23.59,3,Yes,742702d662a71410
The Silkworm (Cormoran Strike #2),Mystery,5,23.05,23.05,3,Yes,f06039c29b5891fa
"The Sandman, Vol. 3: Dream Country (The Sandman (volumes) #3)",Sequential Art,5,55.55,55.55,3,Yes,91eb9605998a7c03
The Rose & the Dagger (The Wrath and the Dawn #2),Fantasy,4,58.64,58.64,3,Yes,322a9e34d87f54b1
The Road to Little Dribbling: Adventures of an American in Britain (Notes From a Small Island #2),Travel,1,23.21,23.21,3,Yes,366a236aa1ea6f07
The Rise of Theodore Roosevelt (Theodore Roosevelt #1),Biography,3,42.57,42.57,3,Yes,1a5044d233936b1a
The Restaurant at the End of the Universe (Hitchhiker's Guide to the Galaxy #2),Science Fiction,1,10.92,10.92,3,Yes,0e92ccf1bd39e68f
The Rest Is Noise: Listening to the Twentieth Century,Add a comment,1,34.77,34.77,3,Yes,e2d47e82c50d41d9
The Red Tent,Historical Fiction,5,35.66,35.66,3,Yes,3c456328b04a8ee8
The Purpose Driven Life: What on Earth Am I Here for?,Add a comment,3,37.19,37.19,3,Yes,0e7beedf0ee9380c
The Purest Hook (Second Circle Tattoos #3),Romance,1,12.25,12.25,3,Yes,969f6c7e86554814
The Picture of Dorian Gray,Classics,2,29.7,29.7,3,Yes,b9f6305a3d650e2c
The Paris Wife,Default,3,36.8,36.8,3,Yes,fa26798728f5208f
The Obsession,Romance,1,45.43,45.43,3,Yes,ee441c8e027caa66
The Nightingale,Fiction,4,26.26,26.26,3,Yes,29d6d87f3418638b
The New Guy (and Other Senior Year Distractions),Young Adult,3,44.92,44.92,3,Yes,3e42ac0f4d43320f
The Nanny Diaries (Nanny #1),Womens Fiction,5,52.53,52.53,3,Yes,6263c1d2997b8ce0
The Name of God is Mercy,Nonfiction,2,37.25,37.25,3,Yes,0baf71623648413a
The Maze Runner (The Maze Runner #1),Default,1,20.93,20.93,3,Yes,4266f48a0aa1c37d
The Lover's Dictionary,Default,2,58.09,58.09,3,Yes,36c15687f5ab0f7c
The Lonely Ones,Childrens,5,43.59,43.59,3,Yes,cf2f27fdf94ba20e
The Lean Startup: How Today's Entrepreneurs Use Continuous Innovation to Create Radically Successful Businesses,Business,3,33.92,33.92,3,Yes,70c7c3ca7f9b2728
The Last Painting of Sara de Vos,Historical Fiction,2,55.55,55.55,3,Yes,476c7972e9b41891
"The Land of 10,000 Madonnas",Young Adult,4,29.64,29.64,3,Yes,35e69a79d2b1e804
The Infinities,Fiction,1,27.41,27.41,3,Yes,554e9e2d532b3a87
The Husband's Secret,Fiction,5,52.51,52.51,3,Yes,ff6bb30dd0c482a6
The Hitchhiker's Guide to the Galaxy (Hitchhiker's Guide to the Galaxy #1),Add a comment,3,47.8,47.8,3,Yes,a8b0ea6490bc818f
The Guns of August,History,2,14.54,14.54,3,Yes,b5da59dd177eb36b
The Guernsey Literary and Potato Peel Pie Society,Historical Fiction,1,49.53,49.53,3,Yes,4a0a276409968a73
The Goldfinch,Default,3,43.58,43.58,3,Yes,c88422d8959260ab
The Giver (The Giver Quartet #1),Default,1,12.3,12.3,3,Yes,e2dac1f4739e0bd5
The Girl with All the Gifts,Horror,3,49.47,49.47,3,Yes,92dcc54a27107a37
The Girl Who Played with Fire (Millennium Trilogy #2),Default,2,22.14,22.14,3,Yes,bfa9cb304075d3e8
The Girl Who Kicked the Hornet's Nest (Millennium Trilogy #3),Add a comment,1,57.48,57.48,3,Yes,8f5d16a5a9bd58b2
The Exiled,Mystery,3,43.45,43.45,3,Yes,dd003e904727281a
"The End of Faith: Religion, Terror, and the Future of Reason",Add a comment,4,22.13,22.13,3,Yes,b3f2bc2cefb35f05
"The Elegant Universe: Superstrings, Hidden Dimensions, and the Quest for the Ultimate Theory",Science,4,13.03,13.03,3,Yes,c6bf14cb901c63ac
"The Disappearing Spoon: And Other True Tales of Madness, Love, and the History of the World from the Periodic Table of the Elements",Science,5,57.35,57.35,3,Yes,63c0826ef59eae66
The Devil Wears Prada (The Devil Wears Prada #1),Womens Fiction,1,44.29,44.29,3,Yes,a6ab0cb7106a67f2
The Demon-Haunted World: Science as a Candle in the Dark,Default,4,52.25,52.25,3,Yes,f51062bf579507d9
The Day the Crayons Came Home (Crayons),Childrens,5,26.33,26.33,3,Yes,b22362b434e8ee62
The Da Vinci Code (Robert Langdon #2),Fiction,2,22.96,22.96,3,Yes,dabf11918b48b40c
The Cuckoo's Calling (Cormoran Strike #1),Mystery,1,19.21,19.21,3,Yes,1be6d3b121865edb
The Complete Stories and Poems (The Works of Edgar Allan Poe [Cameo Edition]),Classics,4,26.78,26.78,3,Yes,cad70d6ffd53912f
The Complete Poems,Add a comment,5,41.32,41.32,3,Yes,23707d3ddf14a999
The Catcher in the Rye,Add a comment,1,24.55,24.55,3,Yes,487449f4f6322f0f
The Cat in the Hat (Beginner Books B-1),Childrens,2,16.26,16.26,3,Yes,b7f475238ed50429
The Case for Christ (Cases for Christianity),Add a comment,1,47.84,47.84,3,Yes,970bd3316219e7dc
The Book Thief,Default,2,53.49,53.49,3,Yes,a75e274c8814b539
The Book of Basketball: The NBA According to The Sports Guy,Sports and Games,5,44.84,44.84,3,Yes,08decd9664e5d56e
The Blind Side: Evolution of a Game,Add a comment,5,53.71,53.71,3,Yes,cd3dcd83bb002e78
The Autobiography of Malcolm X,Default,2,23.43,23.43,3,Yes,b04a6a0db525857d
"The Art of Simple Food: Notes, Lessons, and Recipes from a Delicious Revolution",Food and Drink,3,34.32,34.32,3,Yes,311634df10651e05
The Art of Fielding,Fiction,1,22.1,22.1,3,Yes,2858ac90c4758e1f
"Surely You're Joking, Mr. Feynman!: Adventures of a Curious Character",Science,2,25.83,25.83,3,Yes,61002f3b7ba5d780
Stiff: The Curious Lives of Human Cadavers,Nonfiction,3,36.74,36.74,3,Yes,a11ae5f07572ef49
Spilled Milk: Based on a True Story,Nonfiction,1,49.51,49.51,3,Yes,f08667e4c0458f37
Something Borrowed (Darcy & Rachel #1),Womens Fiction,5,48.96,48.96,3,Yes,ac27ab4bcd9c492e
Something Blue (Darcy & Rachel #2),Womens Fiction,1,54.62,54.62,3,Yes,3fc9d51d1c4d6ba7
Soldier (Talon #3),Fantasy,2,24.72,24.72,3,Yes,feaaae90514eb2ac
Shopaholic & Baby (Shopaholic #5),Default,2,46.45,46.45,3,Yes,c57d3c96af23c297
Seven Days in the Art World,Add a comment,2,52.33,52.33,3,Yes,07806456878931bc
Seven Brief Lessons on Physics,Science,4,30.6,30.6,3,Yes,281a244ce1954711
Scarlet (The Lunar Chronicles #2),Young Adult,4,14.57,14.57,3,Yes,510832818edb6fbc
Sarah's Key,Add a comment,1,46.29,46.29,3,Yes,5b2cd5b31a510848
"Saga, Volume 3 (Saga (Collected Editions) #3)",Sequential Art,5,21.57,21.57,3,Yes,7b870bf85d01c2dc
Running with Scissors,Autobiography,4,12.91,12.91,3,Yes,28921443f052bea6
Rogue Lawyer (Rogue Lawyer #1),Add a comment,3,50.11,50.11,3,Yes,b4f5672f68ec3a83
"Rise of the Rocket Girls: The Women Who Propelled Us, from Missiles to the Moon to Mars",Nonfiction,4,41.67,41.67,3,Yes,89cad3f37c9ce226
Rework,Business,2,44.88,44.88,3,Yes,8e9dd8431170c09e
Reservations for Two,Romance,3,11.1,11.1,3,Yes,ecdf73ee66c33b17
Red: The True Story of Red Riding Hood,Childrens,3,28.54,28.54,3,Yes,4c8ece50736f9e88
Ready Player One,Science Fiction,4,19.07,19.07,3,Yes,2ef5dc7e278e562a
Quiet: The Power of Introverts in a World That Can't Stop Talking,Default,1,43.55,43.55,3,Yes,3c565df219ba3274
Prodigy: The Graphic Novel (Legend: The Graphic Novel #2),Sequential Art,3,43.63,43.63,3,Yes,9707989a439757b4
Persepolis: The Story of a Childhood (Persepolis #1-2),Sequential Art,1,39.13,39.13,3,Yes,cb62418129b864a3
Packing for Mars: The Curious Science of Life in the Void,Default,2,56.68,56.68,3,Yes,8e2dfd6bcf48e1e6
Outliers: The Story of Success,Nonfiction,1,14.16,14.16,3,Yes,09a7b0b566ad6225
Original Fake,Sequential Art,3,31.45,31.45,3,Yes,c59283b05905c853
Orange Is the New Black,Default,2,24.61,24.61,3,Yes,8378c899988905ee
One for the Money (Stephanie Plum #1),Default,2,32.87,32.87,3,Yes,3250650a5c4e6f07
Notes from a Small Island (Notes From a Small Island #1),Nonfiction,1,40.17,40.17,3,Yes,cb65e49993db9a93
Night (The Night Trilogy #1),Nonfiction,1,13.51,13.51,3,Yes,c4d9fce9eff3b8ba
Neither Here nor There: Travels in Europe,Travel,3,38.95,38.95,3,Yes,747cf7fca2ccdbd4
Naked,Humor,3,31.69,31.69,3,Yes,54aeeb4610d3ae08
Morning Star (Red Rising #3),Default,1,29.4,29.4,3,Yes,7ce5a92baabb6bc0
"Miracles from Heaven: A Little Girl, Her Journey to Heaven, and Her Amazing Story of Healing",Nonfiction,1,57.83,57.83,3,Yes,7980fa06f2b704d8
Midnight Riot (Peter Grant/ Rivers of London - books #1),Fantasy,2,55.46,55.46,3,Yes,e9056f9b5a40a301
Me Talk Pretty One Day,Autobiography,2,57.6,57.6,3,Yes,abc4a7ee16c21088
Manuscript Found in Accra,Add a comment,2,34.98,34.98,3,Yes,546da23278482b0a
Lust & Wonder,Autobiography,2,11.87,11.87,3,Yes,0dcadb06206abd3c
Lila (Gilead #3),Fiction,3,12.47,12.47,3,Yes,4ef75307fb64e2ad
"Life, the Universe and Everything (Hitchhiker's Guide to the Galaxy #3)",Science Fiction,2,33.26,33.26,3,Yes,4b3f4f151c99f472
Life Without a Recipe,Autobiography,5,59.04,59.04,3,Yes,c53d9fefcda371e9
Life After Life,Default,2,26.13,26.13,3,Yes,4ec53ff7e2263f32
Letter to a Christian Nation,Nonfiction,1,22.2,22.2,3,Yes,1de75f05d57bfc10
Let's Pretend This Never Happened: A Mostly True Memoir,Nonfiction,1,45.11,45.11,3,Yes,1246e4ffeb5ac4ea
Legend (Legend #1),Young Adult,4,43.69,43.69,3,Yes,0ce8075fab4a2b5b
"Lean In: Women, Work, and the Will to Lead",Default,1,25.02,25.02,3,Yes,d5e1a9bfe22bbf9f
"Lamb: The Gospel According to Biff, Christ's Childhood Pal",Humor,5,55.5,55.5,3,Yes,190fbebbf798c31a
Lady Renegades (Rebel Belle #3),Young Adult,5,53.04,53.04,3,Yes,16e843e6b853cc2f
Jurassic Park (Jurassic Park #1),Fiction,1,44.97,44.97,3,Yes,a0dd11f6abc421ec
It's Never Too Late to Begin Again: Discovering Creativity and Meaning at Midlife and Beyond,Nonfiction,1,42.38,42.38,3,Yes,d4a29356fc992879
Is Everyone Hanging Out Without Me? (And Other Concerns),Default,3,20.11,20.11,3,Yes,034829ffdd0a0aea
Into the Wild,Nonfiction,5,56.7,56.7,3,Yes,a7c3f1010d64799a
Inferno (Robert Langdon #4),Fiction,5,41.0,41.0,3,Yes,6c4646d90b60a56c
"In the Garden of Beasts: Love, Terror, and an American Family in Hitler's Berlin",Nonfiction,3,28.85,28.85,3,Yes,d8292cd5f1aca291
If I Run (If I Run #1),Christian Fiction,4,49.97,49.97,3,Yes,61569d12d4ae7161
I've Got Your Number,Womens Fiction,1,19.69,19.69,3,Yes,6b32b561dab8036c
I Am Malala: The Girl Who Stood Up for Education and Was Shot by the Taliban,Nonfiction,2,28.88,28.88,3,Yes,8010c7c148057fd3
Hungry Girl Clean & Hungry: Easy All-Natural Recipes for Healthy Eating in the Real World,Food and Drink,3,33.14,33.14,3,Yes,6c4d17a46cac8787
"House of Lost Worlds: Dinosaurs, Dynasties, and the Story of Life on Earth",History,2,43.7,43.7,3,Yes,1812b8f5641287e3
House of Leaves,Horror,1,54.89,54.89,3,Yes,557c03c284be1bf2
Horrible Bear!,Childrens,2,37.52,37.52,3,Yes,cc1ac978a6835ef6
Holidays on Ice,Humor,2,51.07,51.07,3,Yes,0cb4856be3694a57
Heir to the Sky,Fantasy,4,44.07,44.07,3,Yes,b003f8bb02f76dc5
Green Eggs and Ham (Beginner Books B-16),Childrens,4,10.79,10.79,3,Yes,621e2c310cec8d32
"Grayson, Vol 3: Nemesis (Grayson #3)",Sequential Art,1,42.72,42.72,3,Yes,4f6985aca357ae09
Gratitude,Nonfiction,5,26.66,26.66,3,Yes,c300cc9326592b65
Gone Girl,Default,5,37.6,37.6,3,Yes,d5c588b6f9c015e4
Golden (Heart of Dread #3),Young Adult,4,42.21,42.21,3,Yes,984b3b6e7479b571
Girl in the Blue Coat,Historical Fiction,2,46.83,46.83,3,Yes,41fc5dce044f16f5
"Fruits Basket, Vol. 3 (Fruits Basket #3)",Sequential Art,2,45.17,45.17,3,Yes,d5f5a122a593b580
"Friday Night Lights: A Town, a Team, and a Dream",Sports and Games,3,51.22,51.22,3,Yes,a9aa3ed5b316470b
Fire Bound (Sea Haven/Sisters of the Heart #5),Add a comment,4,21.28,21.28,3,Yes,2ed3a794a70aa85f
Fifty Shades Freed (Fifty Shades #3),Adult Fiction,5,15.36,15.36,3,Yes,ed813a848580ba50
Fellside,Default,1,38.62,38.62,3,Yes,147019cae600694e
Extreme Prey (Lucas Davenport #26),Mystery,3,25.4,25.4,3,Yes,588ba85ff11a3263
Eragon (The Inheritance Cycle #1),Fantasy,3,43.87,43.87,3,Yes,b843f52a986a2914
Eclipse (Twilight #3),Default,1,18.74,18.74,3,Yes,73f71f9556442117
Dune (Dune #1),Science Fiction,1,54.86,54.86,3,Yes,36d5884d44484277
Dracula,Default,3,52.62,52.62,3,Yes,a7ec599c1a547746
Do Androids Dream of Electric Sheep? (Blade Runner #1),Science Fiction,1,51.48,51.48,3,Yes,98330e431e56a9ea
Disrupted: My Misadventure in the Start-Up Bubble,Nonfiction,5,15.28,15.28,3,Yes,81372abc86f65c79
Dead Wake: The Last Crossing of the Lusitania,Default,5,39.24,39.24,3,Yes,04d858cdeeee0da4
"David and Goliath: Underdogs, Misfits, and the Art of Battling Giants",Default,1,17.81,17.81,3,Yes,d234ddecef49ef4e
Darkfever (Fever #1),Fantasy,1,56.02,56.02,3,Yes,468bd274ac084bb9
Dark Places,Default,5,23.9,23.9,3,Yes,66937c669c4da072
Crazy Rich Asians (Crazy Rich Asians #1),Fiction,5,49.13,49.13,3,Yes,c9782ad2a0ed9331
Counting Thyme,Childrens,1,10.62,10.62,3,Yes,157f693d9e600ccc
Cosmos,Add a comment,2,36.17,36.17,3,Yes,dbe33cf29ef1623d
Civilization and Its Discontents,Psychology,2,59.95,59.95,3,Yes,396385e3de5d18c3
Cinder (The Lunar Chronicles #1),Young Adult,1,26.09,26.09,3,Yes,7e9579921e5407cb
Catastrophic Happiness: Finding Joy in Childhood's Messy Years,Parenting,2,37.35,37.35,3,Yes,ef49db2aaa9bb547
Career of Evil (Cormoran Strike #3),Mystery,2,24.72,24.72,3,Yes,b461cf238506c5b8
Breaking Dawn (Twilight #4),Default,5,35.28,35.28,3,Yes,bbfc4a3b7b6c94a0
Brave Enough,Nonfiction,5,51.32,51.32,3,Yes,fd2337c1b73b686e
Boy Meets Boy,Young Adult,3,21.12,21.12,3,Yes,8e0bc2fe4e7d35b5
"Born to Run: A Hidden Tribe, Superathletes, and the Greatest Race the World Has Never Seen",Nonfiction,2,27.35,27.35,3,Yes,e256de8aa0c2115f
Blink: The Power of Thinking Without Thinking,Nonfiction,5,21.74,21.74,3,Yes,0bbc48294707ba96
Black Flags: The Rise of ISIS,Nonfiction,1,40.87,40.87,3,Yes,860318b8e244f39c
"Black Butler, Vol. 1 (Black Butler #1)",Sequential Art,1,49.31,49.31,3,Yes,15f415d436888b2d
Big Little Lies,Fiction,1,22.11,22.11,3,Yes,d3f9c4539c0caa64
Between Shades of Gray,Historical Fiction,5,20.79,20.79,3,Yes,155e42df837ee5ff
Best of My Love (Fool's Gold #20),Romance,2,27.41,27.41,3,Yes,67dea6c75d6a1075
Beowulf,Classics,2,38.35,38.35,3,Yes,3fb69f34e178d494
Beautiful Creatures (Caster Chronicles #1),Default,5,21.55,21.55,3,Yes,5439bae708bca198
Awkward,Sequential Art,2,38.02,38.02,3,Yes,1d89a2aa9f6ce50f
Ash,Fantasy,4,22.06,22.06,3,Yes,5d22e2a46604b6e7
Are We There Yet?,Childrens,3,10.66,10.66,3,Yes,ef9c4f2465513956
Are We Smart Enough to Know How Smart Animals Are?,Nonfiction,1,56.58,56.58,3,Yes,da0349a87c8caa2f
Annie on My Mind,Young Adult,5,36.83,36.83,3,Yes,7bf87402413c27ff
And Then There Were None,Classics,2,35.01,35.01,3,Yes,cfe350b20d23b02b
A Walk in the Woods: Rediscovering America on the Appalachian Trail,Nonfiction,4,30.48,30.48,3,Yes,bcee4f289ff6699c
A Visit from the Goon Squad,Default,5,14.08,14.08,3,Yes,5dbd6ec4e154ad2f
A Storm of Swords (A Song of Ice and Fire #3),Fantasy,2,31.22,31.22,3,Yes,87beabf664115d79
A Heartbreaking Work of Staggering Genius,Autobiography,5,54.29,54.29,3,Yes,c9770bb1d5a492a0
8 Keys to Mental Health Through Exercise,Psychology,1,31.04,31.04,3,Yes,f5873c8fc7760000
#GIRLBOSS,Add a comment,1,50.96,50.96,3,Yes,165affa7adb5eded
"The Suffragettes (Little Black Classics, #96)",Nonfiction,2,11.89,11.89,2,Yes,d2185b65af52d68c
The Sense of an Ending,Add a comment,3,31.38,31.38,2,Yes,4130678275eb7c8c
"The Sandman, Vol. 2: The Doll's House (The Sandman (volumes) #2)",Sequential Art,1,54.81,54.81,2,Yes,276dc716b1da8899
The Course of Love,Fiction,3,16.78,16.78,2,Yes,f3c76b53b239f511
Sugar Rush (Offensive Line #2),Sports and Games,1,24.42,24.42,2,Yes,ce42e3de94226b2b
"Saga, Volume 2 (Saga (Collected Editions) #2)",Sequential Art,3,11.75,11.75,2,Yes,9189fd009df41d0e
"Run, Spot, Run: The Ethics of Keeping Pets",Philosophy,1,20.02,20.02,2,Yes,b0e479be03911916
New Moon (Twilight #2),Young Adult,4,12.86,12.86,2,Yes,6fa3ea52c8e31e06
Life,Music,5,31.58,31.58,2,Yes,637e5a45062aa548
Kindle Paperwhite User's Guide,Nonfiction,3,34.0,34.0,2,Yes,fb495f9f9015a772
H is for Hawk,Nonfiction,5,57.42,57.42,2,Yes,b6d3f4f4ee1f6069
Girl Online On Tour (Girl Online #2),Young Adult,1,53.47,53.47,2,Yes,97b8f130d32e9f4e
"Fruits Basket, Vol. 2 (Fruits Basket #2)",Sequential Art,5,11.64,11.64,2,Yes,c0db71f6bb14db11
Diary of a Minecraft Zombie Book 1: A Scare of a Dare (An Unofficial Minecraft Book),Childrens,4,52.88,52.88,2,Yes,d7b463918d3b8c39
"Y: The Last Man, Vol. 1: Unmanned (Y: The Last Man #1)",Sequential Art,4,18.51,18.51,1,Yes,09d26b5f819c6a36
While You Were Mine,Historical Fiction,5,41.32,41.32,1,Yes,8ceb5c6aed2c5f8b
Where Lightning Strikes (Bleeding Stars #3),Romance,3,39.77,39.77,1,Yes,def389ddfda6991b
When I'm Gone,Fiction,3,51.96,51.96,1,Yes,c5f91eb481427dc5
Ways of Seeing,Art,5,39.51,39.51,1,Yes,66a4e422b212726a
"Vampire Knight, Vol. 1 (Vampire Knight #1)",Paranormal,1,15.4,15.4,1,Yes,e7e87087b1a44711
Vampire Girl (Vampire Girl #1),Fantasy,2,53.82,53.82,1,Yes,dab5e75d1339706a
Twenty Love Poems and a Song of Despair,Poetry,4,30.95,30.95,1,Yes,e63c3f25338baf9a
Travels with Charley: In Search of America,Nonfiction,5,57.82,57.82,1,Yes,0268f149d014b389
Three Wishes (River of Time: California #1),Science Fiction,2,44.18,44.18,1,Yes,460f97a346b44bac
This One Moment (Pushing Limits #1),Romance,1,48.71,48.71,1,Yes,d6d98d3508c30f57
The Zombie Room,Default,5,19.69,19.69,1,Yes,9c96cd1329fbd82d
"The Wicked + The Divine, Vol. 1: The Faust Act (The Wicked + The Divine)",Sequential Art,2,36.52,36.52,1,Yes,dac9d1e654fac737
The Tumor,Nonfiction,5,41.56,41.56,1,Yes,6514add13c82b115
The Story of Hong Gildong,Classics,4,43.19,43.19,1,Yes,32d035df92ab9080
The Silent Wife,Fiction,5,12.34,12.34,1,Yes,b78deb463531d078
The Silent Twin (Detective Jennifer Knight #3),Fantasy,3,36.25,36.25,1,Yes,9e9932ae1a7d0943
The Selfish Gene,Science,1,29.45,29.45,1,Yes,6f2c0a9adbb2bca9
The Secret Healer,Historical Fiction,3,34.56,34.56,1,Yes,38f776ab9118aed7
"The Sandman, Vol. 1: Preludes and Nocturnes (The Sandman (volumes) #1)",Sequential Art,3,54.12,54.12,1,Yes,5faefdc861684eb1
The Republic,Add a comment,3,33.78,33.78,1,Yes,0ec9d2b018fb10d8
The Odyssey,Add a comment,3,29.64,29.64,1,Yes,f0512adadffd2480
The No. 1 Ladies' Detective Agency (No. 1 Ladies' Detective Agency #1),Mystery,4,57.7,57.7,1,Yes,b0913e67d38d5ed5
The Nicomachean Ethics,Philosophy,1,36.34,36.34,1,Yes,5c10b64db3e4f228
The Name of the Wind (The Kingkiller Chronicle #1),Default,3,50.59,50.59,1,Yes,c8614adb1a90b027
The Mirror & the Maze (The Wrath and the Dawn #1.5),Fantasy,1,29.38,29.38,1,Yes,c40b70e0f6d80189
The Little Prince,Classics,2,45.42,45.42,1,Yes,1aeca7d078d57deb
The Light of the Fireflies,Add a comment,1,54.43,54.43,1,Yes,04e43893e32f9d29
The Last Girl (The Dominion Trilogy #1),Science Fiction,2,36.26,36.26,1,Yes,16c71736dae78764
The Iliad,Add a comment,1,16.16,16.16,1,Yes,86d8bd7afa5b51b3
The Hook Up (Game On #1),New Adult,5,36.29,36.29,1,Yes,6e473eff459e809f
The Haters,Young Adult,5,27.89,27.89,1,Yes,fff8a057a40c4a60
The Girl You Lost,Mystery,5,12.29,12.29,1,Yes,4280ac3eab57aa5d
The Girl In The Ice (DCI Erika Foster #1),Mystery,3,15.85,15.85,1,Yes,ee61197edb882599
The End of the Jesus Era (An Investigation #1),Nonfiction,1,14.4,14.4,1,Yes,09659d1639a1f978
The Edge of Reason (Bridget Jones #2),Womens Fiction,4,19.18,19.18,1,Yes,29fc016c459aeb14
The Complete Maus (Maus #1-2),Sequential Art,3,10.64,10.64,1,Yes,3301af038a720587
The Communist Manifesto,Add a comment,3,14.76,14.76,1,Yes,18b4545a5ed15581
The Bhagavad Gita,Religion,3,57.49,57.49,1,Yes,f3a0b8c835129558
The Bette Davis Club,Fiction,3,30.66,30.66,1,Yes,dfb0849016bc122c
The Art of Not Breathing,Young Adult,4,40.83,40.83,1,Yes,5bc1fbccfbf2355c
Taking Shots (Assassins #1),Default,2,18.88,18.88,1,Yes,a7eef9d6795422c1
Starlark,Historical Fiction,3,25.83,25.83,1,Yes,e25164e5b3fe208b
"Skip Beat!, Vol. 01 (Skip Beat! #1)",Sequential Art,3,42.12,42.12,1,Yes,2ac720f76384c57e
Sister Sable (The Mad Queen #1),Fantasy,3,13.33,13.33,1,Yes,3a9a7c5895e82646
Shatter Me (Shatter Me #1),Default,1,42.4,42.4,1,Yes,9ed7090d8fa690b0
Shameless,New Adult,3,58.35,58.35,1,Yes,c068c013d6921fea
Shadow Rites (Jane Yellowrock #10),Fantasy,4,21.72,21.72,1,Yes,229cd6564bf0dce4
Settling the Score (The Summer Games #1),Sports and Games,2,44.91,44.91,1,Yes,132adf7335bb384a
Sense and Sensibility,Classics,1,37.46,37.46,1,Yes,35e44170702139a4
"Saga, Volume 1 (Saga (Collected Editions) #1)",Sequential Art,1,28.48,28.48,1,Yes,4f64568dfefa3ce7
"Rhythm, Chord & Malykhin",Romance,2,28.34,28.34,1,Yes,9efb397067eb7e8a
"Rat Queens, Vol. 1: Sass & Sorcery (Rat Queens (Collected Editions) #1-5)",Sequential Art,5,46.96,46.96,1,Yes,3cdca3b4a93980f5
Paradise Lost (Paradise #1),Default,1,24.96,24.96,1,Yes,849db7ab7f4a640c
"Paper Girls, Vol. 1 (Paper Girls #1-5)",Sequential Art,4,21.71,21.71,1,Yes,bcbcbcf0f6ed196f
"Ouran High School Host Club, Vol. 1 (Ouran High School Host Club #1)",Sequential Art,3,29.87,29.87,1,Yes,326825e02a198cf6
Origins (Alphas 0.5),Fantasy,1,28.99,28.99,1,Yes,8932e5c12f12ffed
One Second (Seven #7),Fantasy,2,52.94,52.94,1,Yes,7ea31f38675b91c1
On the Road (Duluoz Legend),Default,3,32.36,32.36,1,Yes,9ff997ab15713e53
Old Records Never Die: One Man's Quest for His Vinyl and His Past,Music,2,55.66,55.66,1,Yes,a1985630339f4b3d
Off Sides (Off #1),New Adult,5,39.45,39.45,1,Yes,b6f1cfadc4dd79d4
Of Mice and Men,Classics,2,47.11,47.11,1,Yes,39592d9d72e717c4
Myriad (Prentor #1),Fantasy,4,58.75,58.75,1,Yes,63e20a0f98218a87
My Perfect Mistake (Over the Top #1),Romance,2,38.92,38.92,1,Yes,fd78f89878479f56
"Ms. Marvel, Vol. 1: No Normal (Ms. Marvel (2014-2015) #1)",Sequential Art,4,39.39,39.39,1,Yes,35a60467893aa168
Meditations,Philosophy,2,25.89,25.89,1,Yes,4f19709e47883df5
Matilda,Childrens,1,28.34,28.34,1,Yes,1053fb7ee17a1f33
Lost Among the Living,Historical Fiction,4,27.7,27.7,1,Yes,d510567580c8be52
Lord of the Flies,Add a comment,3,24.89,24.89,1,Yes,71a6471bbdac21d9
Listen to Me (Fusion #1),Romance,3,58.99,58.99,1,Yes,6e712ea24e77bd96
Kitchens of the Great Midwest,Fiction,5,57.2,57.2,1,Yes,06f6a57a6d532844
Jane Eyre,Default,5,38.43,38.43,1,Yes,8d390a1fc3133d06
Imperfect Harmony,Romance,4,34.74,34.74,1,Yes,f28f7299d38c0932
Icing (Aces Hockey #2),Sports and Games,4,40.44,40.44,1,Yes,3455b45888fb5053
"Hawkeye, Vol. 1: My Life as a Weapon (Hawkeye #1)",Sequential Art,3,45.24,45.24,1,Yes,6fe02600f322a0a9
Having the Barbarian's Baby (Ice Planet Barbarians #7.5),Science Fiction,4,34.96,34.96,1,Yes,6717a70913b3db79
"Giant Days, Vol. 1 (Giant Days #1-4)",Sequential Art,4,56.76,56.76,1,Yes,eb0fe24bbc845ecc
"Fruits Basket, Vol. 1 (Fruits Basket #1)",Sequential Art,5,40.28,40.28,1,Yes,72e6fbf4f6382557
Frankenstein,Default,2,38.0,38.0,1,Yes,a492f49a3e2b6a71
Forever Rockers (The Rocker #12),Music,3,28.8,28.8,1,Yes,e564c3f1a93ccf2e
Fighting Fate (Fighting #6),Romance,3,39.24,39.24,1,Yes,6390772a3094939d
Emma,Classics,2,32.93,32.93,1,Yes,2e69730561ed70ad
"Eat, Pray, Love",Nonfiction,3,51.32,51.32,1,Yes,df56868afd166557
Deep Under (Walker Security #1),Romance,5,47.09,47.09,1,Yes,0072b94dfa30608e
Choosing Our Religion: The Spiritual Lives of America's Nones,Religion,4,28.42,28.42,1,Yes,a812f6969ddf3e39
Charlie and the Chocolate Factory (Charlie Bucket #1),Childrens,3,22.85,22.85,1,Yes,1774749f2cee292f
Charity's Cross (Charles Towne Belles #4),Romance,1,41.24,41.24,1,Yes,a96404cb928895f3
Bright Lines,Fiction,5,39.07,39.07,1,Yes,230ac636ea0ea415
Bridget Jones's Diary (Bridget Jones #1),Womens Fiction,1,29.82,29.82,1,Yes,a2b4b685dfa94733
Bounty (Colorado Mountain #7),Romance,4,37.26,37.26,1,Yes,abc0b15f2c907ff0
Blood Defense (Samantha Brinkman #1),Mystery,3,20.3,20.3,1,Yes,95cdfd514098c38b
"Bleach, Vol. 1: Strawberry and the Soul Reapers (Bleach #1)",Sequential Art,5,34.65,34.65,1,Yes,099fae4a0705d63b
Beyond Good and Evil,Philosophy,1,43.38,43.38,1,Yes,08672cd59171d5e4
Alice in Wonderland (Alice's Adventures in Wonderland #1),Classics,1,55.53,55.53,1,Yes,cd2a2a70dd5d176d
"Ajin: Demi-Human, Volume 1 (Ajin: Demi-Human #1)",Sequential Art,4,57.06,57.06,1,Yes,bfd5e1701c862ac3
A Spy's Devotion (The Regency Spies of London #1),Historical Fiction,5,16.97,16.97,1,Yes,19fec36a1dfb4c16
1st to Die (Women's Murder Club #1),Mystery,1,53.98,53.98,1,Yes,f684a82adc49f011
"1,000 Places to See Before You Die",Travel,5,26.08,26.08,1,Yes,228ba5e7577e1d49
